source_commit,protocol_id,generated_at,run_id,run_purpose,timing_repetition,scene_id,problem_fingerprint,algorithm,configuration_id,planner_seed,status,failure_reason,planner_solution_found,raw_path_valid,postprocessing_status,smoothed_path_valid,straight_line_distance_m,parameters_json,planning_time_ms,setup_time_ms,search_time_ms,smoothing_time_ms,validation_time_ms,work_unit,work_limit,wall_time_limit_ms,work_used,wall_time_used_ms,termination,quality_trace_json,raw_length_m,raw_excess_pct,smoothed_length_m,minimum_clearance_m,expanded_nodes,generated_nodes,iterations
cfe9c377cfa3b8a496c794df0f3619ade81e6e3f,static-city-descriptive-v2,2026-08-05T07:03:32+00:00,run-e78558c9181860ec8c17,resolution-sweep,,open-blocks,sha256:cd060091183221f321333a534eb2c9f42957ad18162f9d0d9f781e9696f86db5,astar-3d,astar-3d@0.2.0|resolution=3|expanded-nodes=120000|wall-ms=none|params=b300038306f2,,success,,True,True,success,True,122.36421045387414,"{""connectivity"":26,""max_expansions"":120000,""max_wall_time_ms"":null,""resolution"":3.0}",939.6736668422818,0.5233329720795155,939.1503338702023,1.2156669981777668,3.102709073573351,expanded-nodes,120000,,4590,939.6736668422818,goal-reached,[],149.97954531462582,22.568146975590906,140.26082989919382,1.521580863834612,4590,13661,4590
cfe9c377cfa3b8a496c794df0f3619ade81e6e3f,static-city-descriptive-v2,2026-08-05T07:03:32+00:00,run-0803d414c5d00e1a74d5,resolution-sweep,,open-blocks,sha256:cd060091183221f321333a534eb2c9f42957ad18162f9d0d9f781e9696f86db5,astar-3d,astar-3d@0.2.0|resolution=4|expanded-nodes=120000|wall-ms=none|params=7de53e9d0e62,,success,,True,True,success,True,122.36421045387414,"{""connectivity"":26,""max_expansions"":120000,""max_wall_time_ms"":null,""resolution"":4.0}",382.96375004574656,0.46458421275019646,382.49916583299637,1.1044999118894339,3.053082851693034,expanded-nodes,120000,,1921,382.96375004574656,goal-reached,[],150.62560515041298,23.09612801955041,140.3650010252915,1.5966969615459519,1921,6259,1921
cfe9c377cfa3b8a496c794df0f3619ade81e6e3f,static-city-descriptive-v2,2026-08-05T07:03:32+00:00,run-83f45e7afc9d72cfb30e,resolution-sweep,,open-blocks,sha256:cd060091183221f321333a534eb2c9f42957ad18162f9d0d9f781e9696f86db5,astar-3d,astar-3d@0.2.0|resolution=6|expanded-nodes=120000|wall-ms=none|params=64d0e2ddd754,,success,,True,True,success,True,122.36421045387414,"{""connectivity"":26,""max_expansions"":120000,""max_wall_time_ms"":null,""resolution"":6.0}",100.03275005146861,0.25883293710649014,99.77391711436212,1.399792032316327,3.0143759213387966,expanded-nodes,120000,,555,100.03275005146861,goal-reached,[],152.59155826110452,24.702768640528895,140.95168274564412,1.8464665321943663,555,1752,555
cfe9c377cfa3b8a496c794df0f3619ade81e6e3f,static-city-descriptive-v2,2026-08-05T07:03:32+00:00,run-1fb7de21c107655018e5,resolution-sweep,,open-blocks,sha256:cd060091183221f321333a534eb2c9f42957ad18162f9d0d9f781e9696f86db5,astar-3d,astar-3d@0.2.0|resolution=8|expanded-nodes=120000|wall-ms=none|params=1413c61bcd36,,success,,True,True,success,True,122.36421045387414,"{""connectivity"":26,""max_expansions"":120000,""max_wall_time_ms"":null,""resolution"":8.0}",42.1916248742491,0.20145904272794724,41.99016583152115,0.8786669932305813,2.4780412204563618,expanded-nodes,120000,,249,42.1916248742491,goal-reached,[],153.2136261779084,25.211142710444,147.19174504410717,1.8353158646469487,249,782,249
cfe9c377cfa3b8a496c794df0f3619ade81e6e3f,static-city-descriptive-v2,2026-08-05T07:03:32+00:00,run-2b663c6fbbb8e5cc0bb3,resolution-sweep,,open-blocks,sha256:cd060091183221f321333a534eb2c9f42957ad18162f9d0d9f781e9696f86db5,lazy-theta-star,lazy-theta-star@0.2.0|resolution=3|expanded-nodes=120000|wall-ms=none|params=b300038306f2,,success,,True,True,success,True,122.36421045387414,"{""connectivity"":26,""max_expansions"":120000,""max_wall_time_ms"":null,""resolution"":3.0}",690.8900409471244,0.541541026905179,690.3484999202192,0.6647908594459295,2.375666983425617,expanded-nodes,120000,,2881,690.8900409471244,goal-reached,[],140.34607496932227,14.695362678964452,139.74187199075436,2.055952057085745,2881,6842,2881
cfe9c377cfa3b8a496c794df0f3619ade81e6e3f,static-city-descriptive-v2,2026-08-05T07:03:32+00:00,run-62901fd1b8f5a59dcca1,resolution-sweep,,open-blocks,sha256:cd060091183221f321333a534eb2c9f42957ad18162f9d0d9f781e9696f86db5,lazy-theta-star,lazy-theta-star@0.2.0|resolution=4|expanded-nodes=120000|wall-ms=none|params=7de53e9d0e62,,success,,True,True,success,True,122.36421045387414,"{""connectivity"":26,""max_expansions"":120000,""max_wall_time_ms"":null,""resolution"":4.0}",296.75916698761284,0.4806250799447298,296.2785419076681,0.9508749935775995,2.832958009094,expanded-nodes,120000,,1241,296.75916698761284,goal-reached,[],141.92338822398193,15.984394209351539,139.96305443635055,1.521674927209113,1241,3355,1241
cfe9c377cfa3b8a496c794df0f3619ade81e6e3f,static-city-descriptive-v2,2026-08-05T07:03:32+00:00,run-5d089b3e3c3bb4ab6a3d,resolution-sweep,,open-blocks,sha256:cd060091183221f321333a534eb2c9f42957ad18162f9d0d9f781e9696f86db5,lazy-theta-star,lazy-theta-star@0.2.0|resolution=6|expanded-nodes=120000|wall-ms=none|params=64d0e2ddd754,,success,,True,True,success,True,122.36421045387414,"{""connectivity"":26,""max_expansions"":120000,""max_wall_time_ms"":null,""resolution"":6.0}",143.07741704396904,0.26266719214618206,142.81474985182285,1.034625107422471,2.9497500509023666,expanded-nodes,120000,,580,143.07741704396904,goal-reached,[],149.34542491286226,22.049923224208467,143.31951696237894,2.081060975809302,580,1721,580
cfe9c377cfa3b8a496c794df0f3619ade81e6e3f,static-city-descriptive-v2,2026-08-05T07:03:32+00:00,run-56d5c062abfa519c1e64,resolution-sweep,,open-blocks,sha256:cd060091183221f321333a534eb2c9f42957ad18162f9d0d9f781e9696f86db5,lazy-theta-star,lazy-theta-star@0.2.0|resolution=8|expanded-nodes=120000|wall-ms=none|params=1413c61bcd36,,success,,True,True,success,True,122.36421045387414,"{""connectivity"":26,""max_expansions"":120000,""max_wall_time_ms"":null,""resolution"":8.0}",59.44254179485142,0.21112500689923763,59.231416787952185,0.9925831109285355,2.9052081517875195,expanded-nodes,120000,,237,59.44254179485142,goal-reached,[],147.78313143954034,20.773166346092676,143.47948504704908,2.2452817468551802,237,756,237
cfe9c377cfa3b8a496c794df0f3619ade81e6e3f,static-city-descriptive-v2,2026-08-05T07:03:32+00:00,run-13287a83f7554addc1ef,resolution-sweep,,urban-canyon,sha256:91d7800b11953c398432ca16bbae1187fa49480a763bca67ebc8190ec09eff6e,astar-3d,astar-3d@0.2.0|resolution=3|expanded-nodes=120000|wall-ms=none|params=b300038306f2,,success,,True,True,success,True,120.21647141718975,"{""connectivity"":26,""max_expansions"":120000,""max_wall_time_ms"":null,""resolution"":3.0}",1110.1061250083148,0.46658399514853954,1109.6395410131663,0.955166993662715,2.565166912972927,expanded-nodes,120000,,6086,1110.1061250083148,goal-reached,[],179.44661267149158,49.26957226082125,170.25512297974296,1.8700522643324802,6086,15981,6086
cfe9c377cfa3b8a496c794df0f3619ade81e6e3f,static-city-descriptive-v2,2026-08-05T07:03:32+00:00,run-3c2beb188b7ac2dbe964,resolution-sweep,,urban-canyon,sha256:91d7800b11953c398432ca16bbae1187fa49480a763bca67ebc8190ec09eff6e,astar-3d,astar-3d@0.2.0|resolution=4|expanded-nodes=120000|wall-ms=none|params=7de53e9d0e62,,success,,True,True,success,True,120.21647141718975,"{""connectivity"":26,""max_expansions"":120000,""max_wall_time_ms"":null,""resolution"":4.0}",368.6057501472533,0.47375005669891834,368.13200009055436,0.9102090261876583,2.536291955038905,expanded-nodes,120000,,2247,368.6057501472533,goal-reached,[],178.41676349034904,48.412909967375086,170.55939538701026,1.3255106965997814,2247,6157,2247
cfe9c377cfa3b8a496c794df0f3619ade81e6e3f,static-city-descriptive-v2,2026-08-05T07:03:32+00:00,run-86b26be54eb223ccea7d,resolution-sweep,,urban-canyon,sha256:91d7800b11953c398432ca16bbae1187fa49480a763bca67ebc8190ec09eff6e,astar-3d,astar-3d@0.2.0|resolution=6|expanded-nodes=120000|wall-ms=none|params=64d0e2ddd754,,success,,True,True,success,True,120.21647141718975,"{""connectivity"":26,""max_expansions"":120000,""max_wall_time_ms"":null,""resolution"":6.0}",113.20012505166233,0.24295784533023834,112.95716720633209,0.8072908967733383,2.539542270824313,expanded-nodes,120000,,751,113.20012505166233,goal-reached,[],182.631519522937,51.91888213816141,174.48210379395337,2.1313823713426494,751,1926,751
cfe9c377cfa3b8a496c794df0f3619ade81e6e3f,static-city-descriptive-v2,2026-08-05T07:03:32+00:00,run-2979eea92d706cd0c5cd,resolution-sweep,,urban-canyon,sha256:91d7800b11953c398432ca16bbae1187fa49480a763bca67ebc8190ec09eff6e,astar-3d,astar-3d@0.2.0|resolution=8|expanded-nodes=120000|wall-ms=none|params=1413c61bcd36,,success,,True,True,success,True,120.21647141718975,"{""connectivity"":26,""max_expansions"":120000,""max_wall_time_ms"":null,""resolution"":8.0}",35.976292099803686,0.17762510105967522,35.79866699874401,1.2111249379813671,2.9200417920947075,expanded-nodes,120000,,256,35.976292099803686,goal-reached,[],179.3289655465488,49.171709527407195,171.84143536692227,2.235628874122092,256,712,256
cfe9c377cfa3b8a496c794df0f3619ade81e6e3f,static-city-descriptive-v2,2026-08-05T07:03:32+00:00,run-ae7d289f1c453ed81859,resolution-sweep,,urban-canyon,sha256:91d7800b11953c398432ca16bbae1187fa49480a763bca67ebc8190ec09eff6e,lazy-theta-star,lazy-theta-star@0.2.0|resolution=3|expanded-nodes=120000|wall-ms=none|params=b300038306f2,,success,,True,True,success,True,120.21647141718975,"{""connectivity"":26,""max_expansions"":120000,""max_wall_time_ms"":null,""resolution"":3.0}",872.2242498770356,0.47095888294279575,871.7532909940928,0.6867910269647837,2.2857908625155687,expanded-nodes,120000,,4336,872.2242498770356,goal-reached,[],166.50455729106005,38.50394652928697,166.11619106218768,1.8694506897269165,4336,9890,4336
cfe9c377cfa3b8a496c794df0f3619ade81e6e3f,static-city-descriptive-v2,2026-08-05T07:03:32+00:00,run-61802d2097750040a389,resolution-sweep,,urban-canyon,sha256:91d7800b11953c398432ca16bbae1187fa49480a763bca67ebc8190ec09eff6e,lazy-theta-star,lazy-theta-star@0.2.0|resolution=4|expanded-nodes=120000|wall-ms=none|params=7de53e9d0e62,,success,,True,True,success,True,120.21647141718975,"{""connectivity"":26,""max_expansions"":120000,""max_wall_time_ms"":null,""resolution"":4.0}",312.56108405068517,0.48545910976827145,312.0756249409169,0.7301250007003546,2.2454161662608385,expanded-nodes,120000,,1645,312.56108405068517,goal-reached,[],165.79988334127452,37.91777564814367,165.60045244218617,1.3258200221664174,1645,3745,1645
cfe9c377cfa3b8a496c794df0f3619ade81e6e3f,static-city-descriptive-v2,2026-08-05T07:03:32+00:00,run-4de7fb5f3cd7d6b67498,resolution-sweep,,urban-canyon,sha256:91d7800b11953c398432ca16bbae1187fa49480a763bca67ebc8190ec09eff6e,lazy-theta-star,lazy-theta-star@0.2.0|resolution=6|expanded-nodes=120000|wall-ms=none|params=64d0e2ddd754,,success,,True,True,success,True,120.21647141718975,"{""connectivity"":26,""max_expansions"":120000,""max_wall_time_ms"":null,""resolution"":6.0}",114.44404209032655,0.23570796474814415,114.2083341255784,1.018499955534935,2.8115410823374987,expanded-nodes,120000,,610,114.44404209032655,goal-reached,[],170.89788866958412,42.158463524115255,167.1563134703984,1.9891654270943624,610,1410,610
cfe9c377cfa3b8a496c794df0f3619ade81e6e3f,static-city-descriptive-v2,2026-08-05T07:03:32+00:00,run-a1063c824735d7af5491,resolution-sweep,,urban-canyon,sha256:91d7800b11953c398432ca16bbae1187fa49480a763bca67ebc8190ec09eff6e,lazy-theta-star,lazy-theta-star@0.2.0|resolution=8|expanded-nodes=120000|wall-ms=none|params=1413c61bcd36,,success,,True,True,success,True,120.21647141718975,"{""connectivity"":26,""max_expansions"":120000,""max_wall_time_ms"":null,""resolution"":8.0}",45.183165930211544,0.17979112453758717,45.00337480567396,1.0513749439269304,2.8279589023441076,expanded-nodes,120000,,241,45.183165930211544,goal-reached,[],172.25459048336342,43.28701254721135,166.41237442963543,1.7833345403661398,241,658,241
cfe9c377cfa3b8a496c794df0f3619ade81e6e3f,static-city-descriptive-v2,2026-08-05T07:03:32+00:00,run-4516b018b6f2e9a193d6,resolution-sweep,,restricted-core,sha256:be76e250e17398b69d44b43e5630bf19b2288dc50e4ae7fc981aaea39cb72924,astar-3d,astar-3d@0.2.0|resolution=3|expanded-nodes=120000|wall-ms=none|params=b300038306f2,,success,,True,True,success,True,86.0,"{""connectivity"":26,""max_expansions"":120000,""max_wall_time_ms"":null,""resolution"":3.0}",908.7058340664953,0.5212500691413879,908.1845839973539,1.1822080705314875,2.5003738701343536,expanded-nodes,120000,,4618,908.7058340664953,goal-reached,[],133.83373726752228,55.62062472967708,125.11965771955825,1.2206761444663528,4618,11677,4618
cfe9c377cfa3b8a496c794df0f3619ade81e6e3f,static-city-descriptive-v2,2026-08-05T07:03:32+00:00,run-b3d01ff2cf729d6baba4,resolution-sweep,,restricted-core,sha256:be76e250e17398b69d44b43e5630bf19b2288dc50e4ae7fc981aaea39cb72924,astar-3d,astar-3d@0.2.0|resolution=4|expanded-nodes=120000|wall-ms=none|params=7de53e9d0e62,,success,,True,True,success,True,86.0,"{""connectivity"":26,""max_expansions"":120000,""max_wall_time_ms"":null,""resolution"":4.0}",341.1493331659585,0.5159170832484961,340.63341608271,0.9643340017646551,2.0141240675002337,expanded-nodes,120000,,1798,341.1493331659585,goal-reached,[],133.0430362353228,54.701204924793956,123.3017910560912,1.1960018416736276,1798,5124,1798
cfe9c377cfa3b8a496c794df0f3619ade81e6e3f,static-city-descriptive-v2,2026-08-05T07:03:32+00:00,run-2c8a19c2a537507261dc,resolution-sweep,,restricted-core,sha256:be76e250e17398b69d44b43e5630bf19b2288dc50e4ae7fc981aaea39cb72924,astar-3d,astar-3d@0.2.0|resolution=6|expanded-nodes=120000|wall-ms=none|params=64d0e2ddd754,,success,,True,True,success,True,86.0,"{""connectivity"":26,""max_expansions"":120000,""max_wall_time_ms"":null,""resolution"":6.0}",116.3349999114871,0.29020896181464195,116.04479094967246,1.5825829468667507,2.4598739109933376,expanded-nodes,120000,,648,116.3349999114871,goal-reached,[],138.38832330906774,60.916655010543884,127.2496186873455,1.1134874965992054,648,1893,648
cfe9c377cfa3b8a496c794df0f3619ade81e6e3f,static-city-descriptive-v2,2026-08-05T07:03:32+00:00,run-1316ebe3b2bfdf2437b8,resolution-sweep,,restricted-core,sha256:be76e250e17398b69d44b43e5630bf19b2288dc50e4ae7fc981aaea39cb72924,astar-3d,astar-3d@0.2.0|resolution=8|expanded-nodes=120000|wall-ms=none|params=1413c61bcd36,,success,,True,True,success,True,86.0,"{""connectivity"":26,""max_expansions"":120000,""max_wall_time_ms"":null,""resolution"":8.0}",44.32804184034467,0.2484999131411314,44.079541927203536,1.0003750212490559,2.539499895647168,expanded-nodes,120000,,270,44.32804184034467,goal-reached,[],140.67425975431877,63.57472064455671,126.74614616997611,1.130874234403624,270,803,270
cfe9c377cfa3b8a496c794df0f3619ade81e6e3f,static-city-descriptive-v2,2026-08-05T07:03:32+00:00,run-98632847d7c7f0128b42,resolution-sweep,,restricted-core,sha256:be76e250e17398b69d44b43e5630bf19b2288dc50e4ae7fc981aaea39cb72924,lazy-theta-star,lazy-theta-star@0.2.0|resolution=3|expanded-nodes=120000|wall-ms=none|params=b300038306f2,,success,,True,True,success,True,86.0,"{""connectivity"":26,""max_expansions"":120000,""max_wall_time_ms"":null,""resolution"":3.0}",676.2244580313563,0.5094581283628941,675.7149999029934,0.9160409681499004,2.267583040520549,expanded-nodes,120000,,3048,676.2244580313563,goal-reached,[],124.14097606310192,44.34997216639758,122.59774405960766,1.117296293720333,3048,7457,3048
cfe9c377cfa3b8a496c794df0f3619ade81e6e3f,static-city-descriptive-v2,2026-08-05T07:03:32+00:00,run-6bceca58d1ea66d8b8c2,resolution-sweep,,restricted-core,sha256:be76e250e17398b69d44b43e5630bf19b2288dc50e4ae7fc981aaea39cb72924,lazy-theta-star,lazy-theta-star@0.2.0|resolution=4|expanded-nodes=120000|wall-ms=none|params=7de53e9d0e62,,success,,True,True,success,True,86.0,"{""connectivity"":26,""max_expansions"":120000,""max_wall_time_ms"":null,""resolution"":4.0}",246.44404114224017,0.5251660477370024,245.91887509450316,0.8489999454468489,1.8360421527177095,expanded-nodes,120000,,1104,246.44404114224017,goal-reached,[],122.9969001660391,43.01965135585941,122.64783059605615,1.0764439586116694,1104,2992,1104
cfe9c377cfa3b8a496c794df0f3619ade81e6e3f,static-city-descriptive-v2,2026-08-05T07:03:32+00:00,run-53a87c8fe0e34424ac34,resolution-sweep,,restricted-core,sha256:be76e250e17398b69d44b43e5630bf19b2288dc50e4ae7fc981aaea39cb72924,lazy-theta-star,lazy-theta-star@0.2.0|resolution=6|expanded-nodes=120000|wall-ms=none|params=64d0e2ddd754,,success,,True,True,success,True,86.0,"{""connectivity"":26,""max_expansions"":120000,""max_wall_time_ms"":null,""resolution"":6.0}",95.49641679041088,0.2878329250961542,95.20858386531472,0.8573748636990786,1.9191252067685127,expanded-nodes,120000,,427,95.49641679041088,goal-reached,[],128.21195004787117,49.08366284636183,128.08211839850767,1.6206324060895305,427,1301,427
cfe9c377cfa3b8a496c794df0f3619ade81e6e3f,static-city-descriptive-v2,2026-08-05T07:03:32+00:00,run-1fa3d0f9cbd1a4f44b12,resolution-sweep,,restricted-core,sha256:be76e250e17398b69d44b43e5630bf19b2288dc50e4ae7fc981aaea39cb72924,lazy-theta-star,lazy-theta-star@0.2.0|resolution=8|expanded-nodes=120000|wall-ms=none|params=1413c61bcd36,,success,,True,True,success,True,86.0,"{""connectivity"":26,""max_expansions"":120000,""max_wall_time_ms"":null,""resolution"":8.0}",39.762582862749696,0.2505828160792589,39.51200004667044,1.7174170352518559,2.362332073971629,expanded-nodes,120000,,174,39.762582862749696,goal-reached,[],129.70264782090422,50.817032349888635,127.66334097544461,1.715407844262785,174,596,174
cfe9c377cfa3b8a496c794df0f3619ade81e6e3f,static-city-descriptive-v2,2026-08-05T07:03:32+00:00,run-2cf2f52ab9aebb6dc1ef,resolution-sweep,,vertical-gate,sha256:20c84cd97e1fec8d28b8e5aaa18b5a50b8e2252b75c14ad63f2ee7c32003aaa0,astar-3d,astar-3d@0.2.0|resolution=3|expanded-nodes=120000|wall-ms=none|params=b300038306f2,,success,,True,True,success,True,86.0,"{""connectivity"":26,""max_expansions"":120000,""max_wall_time_ms"":null,""resolution"":3.0}",222.709541907534,0.5148339550942183,222.19470795243979,0.9803329594433308,1.7075000796467066,expanded-nodes,120000,,1210,222.709541907534,goal-reached,[],110.10918975492106,28.033941575489596,106.38893442560321,1.5624082588769013,1210,3071,1210
cfe9c377cfa3b8a496c794df0f3619ade81e6e3f,static-city-descriptive-v2,2026-08-05T07:03:32+00:00,run-abab16408d95f95fd652,resolution-sweep,,vertical-gate,sha256:20c84cd97e1fec8d28b8e5aaa18b5a50b8e2252b75c14ad63f2ee7c32003aaa0,astar-3d,astar-3d@0.2.0|resolution=4|expanded-nodes=120000|wall-ms=none|params=7de53e9d0e62,,success,,True,True,success,True,86.0,"{""connectivity"":26,""max_expansions"":120000,""max_wall_time_ms"":null,""resolution"":4.0}",87.32225000858307,0.5210831295698881,86.80116687901318,1.0996249038726091,2.054874785244465,expanded-nodes,120000,,497,87.32225000858307,goal-reached,[],110.15041064299665,28.081872840693766,106.64248430984762,2.8211297995183426,497,1505,497
cfe9c377cfa3b8a496c794df0f3619ade81e6e3f,static-city-descriptive-v2,2026-08-05T07:03:32+00:00,run-fe3e6b057a01ae833416,resolution-sweep,,vertical-gate,sha256:20c84cd97e1fec8d28b8e5aaa18b5a50b8e2252b75c14ad63f2ee7c32003aaa0,astar-3d,astar-3d@0.2.0|resolution=6|expanded-nodes=120000|wall-ms=none|params=64d0e2ddd754,,success,,True,True,success,True,86.0,"{""connectivity"":26,""max_expansions"":120000,""max_wall_time_ms"":null,""resolution"":6.0}",27.15808409266174,0.28066709637641907,26.87741699628532,0.896083191037178,1.6350012738257647,expanded-nodes,120000,,166,27.15808409266174,goal-reached,[],111.39513422522707,29.5292258432873,107.47451951890135,2.3107124835066277,166,509,166
cfe9c377cfa3b8a496c794df0f3619ade81e6e3f,static-city-descriptive-v2,2026-08-05T07:03:32+00:00,run-57103367d0db75974c8d,resolution-sweep,,vertical-gate,sha256:20c84cd97e1fec8d28b8e5aaa18b5a50b8e2252b75c14ad63f2ee7c32003aaa0,astar-3d,astar-3d@0.2.0|resolution=8|expanded-nodes=120000|wall-ms=none|params=1413c61bcd36,,success,,True,True,success,True,86.0,"{""connectivity"":26,""max_expansions"":120000,""max_wall_time_ms"":null,""resolution"":8.0}",8.888999931514263,0.23929099552333355,8.64970893599093,0.9985000360757113,1.6604172997176647,expanded-nodes,120000,,62,8.888999931514263,goal-reached,[],113.55728379467011,32.0433532496164,110.35068316321531,1.5985596677361555,62,225,62
cfe9c377cfa3b8a496c794df0f3619ade81e6e3f,static-city-descriptive-v2,2026-08-05T07:03:32+00:00,run-26c8fc09626382e4ea95,resolution-sweep,,vertical-gate,sha256:20c84cd97e1fec8d28b8e5aaa18b5a50b8e2252b75c14ad63f2ee7c32003aaa0,lazy-theta-star,lazy-theta-star@0.2.0|resolution=3|expanded-nodes=120000|wall-ms=none|params=b300038306f2,,success,,True,True,success,True,86.0,"{""connectivity"":26,""max_expansions"":120000,""max_wall_time_ms"":null,""resolution"":3.0}",149.8835829552263,0.5125000607222319,149.37108289450407,0.8297080639749765,1.8436249811202288,expanded-nodes,120000,,749,149.8835829552263,goal-reached,[],101.3302089960566,17.825824414019298,100.16226206880873,1.8296032863067406,749,1641,749
cfe9c377cfa3b8a496c794df0f3619ade81e6e3f,static-city-descriptive-v2,2026-08-05T07:03:32+00:00,run-b52202799a7d1e495bba,resolution-sweep,,vertical-gate,sha256:20c84cd97e1fec8d28b8e5aaa18b5a50b8e2252b75c14ad63f2ee7c32003aaa0,lazy-theta-star,lazy-theta-star@0.2.0|resolution=4|expanded-nodes=120000|wall-ms=none|params=7de53e9d0e62,,success,,True,True,success,True,86.0,"{""connectivity"":26,""max_expansions"":120000,""max_wall_time_ms"":null,""resolution"":4.0}",63.8672080822289,0.5232910625636578,63.34391701966524,0.814707949757576,1.8669990822672844,expanded-nodes,120000,,305,63.8672080822289,goal-reached,[],101.93287537910808,18.526599278032663,100.75503828743939,1.1578656764318431,305,811,305
cfe9c377cfa3b8a496c794df0f3619ade81e6e3f,static-city-descriptive-v2,2026-08-05T07:03:32+00:00,run-24f0f23b8baf378b5c7b,resolution-sweep,,vertical-gate,sha256:20c84cd97e1fec8d28b8e5aaa18b5a50b8e2252b75c14ad63f2ee7c32003aaa0,lazy-theta-star,lazy-theta-star@0.2.0|resolution=6|expanded-nodes=120000|wall-ms=none|params=64d0e2ddd754,,success,,True,True,success,True,86.0,"{""connectivity"":26,""max_expansions"":120000,""max_wall_time_ms"":null,""resolution"":6.0}",20.473332842811942,0.28137490153312683,20.191957941278815,0.7246669847518206,1.5035418327897787,expanded-nodes,120000,,110,20.473332842811942,goal-reached,[],102.90808614318595,19.660565282774357,101.84451102265234,2.063288486811732,110,290,110
cfe9c377cfa3b8a496c794df0f3619ade81e6e3f,static-city-descriptive-v2,2026-08-05T07:03:32+00:00,run-4d6a54ee9e85c7e79ce2,resolution-sweep,,vertical-gate,sha256:20c84cd97e1fec8d28b8e5aaa18b5a50b8e2252b75c14ad63f2ee7c32003aaa0,lazy-theta-star,lazy-theta-star@0.2.0|resolution=8|expanded-nodes=120000|wall-ms=none|params=1413c61bcd36,,success,,True,True,success,True,86.0,"{""connectivity"":26,""max_expansions"":120000,""max_wall_time_ms"":null,""resolution"":8.0}",12.834165943786502,0.24595786817371845,12.588208075612783,1.0543749667704105,1.951916143298149,expanded-nodes,120000,,62,12.834165943786502,goal-reached,[],110.10514123213687,28.029233990856838,107.98121325243493,1.8047197677070947,62,217,62
cfe9c377cfa3b8a496c794df0f3619ade81e6e3f,static-city-descriptive-v2,2026-08-05T07:03:32+00:00,run-4736159b1751833c7835,rrt-budget-curve,,open-blocks,sha256:cd060091183221f321333a534eb2c9f42957ad18162f9d0d9f781e9696f86db5,rrt-star,rrt-star@0.2.0|sample-attempts=3000|wall-ms=none|params=ebaecaf4b03a,11,success,,True,True,success,True,122.36421045387414,"{""goal_bias"":0.12,""goal_tolerance"":9.0,""max_samples"":3000,""max_wall_time_ms"":null,""neighbor_radius"":15.0,""quality_checkpoints"":[250,500,1000,2000,3000],""rewire_gamma"":45.0,""seed"":11,""step_size"":7.0}",960.6096248608083,0.02304092049598694,960.5865839403123,0.7845000363886356,2.6005420368164778,sample-attempts,3000,,3000,960.6096248608083,sample-budget-completed,"[{""best_path_length_m"":166.96481218135716,""elapsed_ms"":9.52466600574553,""work"":250},{""best_path_length_m"":166.7150329255441,""elapsed_ms"":31.751791015267372,""work"":500},{""best_path_length_m"":162.69792655565172,""elapsed_ms"":112.15474992059171,""work"":1000},{""best_path_length_m"":160.8358845270204,""elapsed_ms"":426.28979100845754,""work"":2000},{""best_path_length_m"":156.45011186169373,""elapsed_ms"":960.1868749596179,""work"":3000}]",156.4501118616937,27.856103742579563,145.09418812591588,1.6336136056462318,2087,2086,3000
cfe9c377cfa3b8a496c794df0f3619ade81e6e3f,static-city-descriptive-v2,2026-08-05T07:03:32+00:00,run-16c374686f1c30ef6a9d,rrt-budget-curve,,open-blocks,sha256:cd060091183221f321333a534eb2c9f42957ad18162f9d0d9f781e9696f86db5,rrt-star,rrt-star@0.2.0|sample-attempts=3000|wall-ms=none|params=ebaecaf4b03a,23,success,,True,True,success,True,122.36421045387414,"{""goal_bias"":0.12,""goal_tolerance"":9.0,""max_samples"":3000,""max_wall_time_ms"":null,""neighbor_radius"":15.0,""quality_checkpoints"":[250,500,1000,2000,3000],""rewire_gamma"":45.0,""seed"":23,""step_size"":7.0}",1008.1539999227971,0.0202918890863657,1008.1337080337107,1.0913750156760216,3.187208203598857,sample-attempts,3000,,3000,1008.1539999227971,sample-budget-completed,"[{""best_path_length_m"":null,""elapsed_ms"":11.415041983127594,""work"":250},{""best_path_length_m"":171.70864250397074,""elapsed_ms"":35.36420897580683,""work"":500},{""best_path_length_m"":171.70864250397074,""elapsed_ms"":119.22795884311199,""work"":1000},{""best_path_length_m"":165.1774637590379,""elapsed_ms"":461.35487500578165,""work"":2000},{""best_path_length_m"":162.92995936602964,""elapsed_ms"":1007.7229170128703,""work"":3000}]",162.9299593660297,33.1516452087492,146.95848543882445,1.7183071988794856,2145,2144,3000
cfe9c377cfa3b8a496c794df0f3619ade81e6e3f,static-city-descriptive-v2,2026-08-05T07:03:32+00:00,run-18f5a856abd7ae6875a4,rrt-budget-curve,,open-blocks,sha256:cd060091183221f321333a534eb2c9f42957ad18162f9d0d9f781e9696f86db5,rrt-star,rrt-star@0.2.0|sample-attempts=3000|wall-ms=none|params=ebaecaf4b03a,37,success,,True,True,success,True,122.36421045387414,"{""goal_bias"":0.12,""goal_tolerance"":9.0,""max_samples"":3000,""max_wall_time_ms"":null,""neighbor_radius"":15.0,""quality_checkpoints"":[250,500,1000,2000,3000],""rewire_gamma"":45.0,""seed"":37,""step_size"":7.0}",1009.8306671716273,0.019042054191231728,1009.811625117436,0.7863750215619802,2.668000990524888,sample-attempts,3000,,3000,1009.8306671716273,sample-budget-completed,"[{""best_path_length_m"":null,""elapsed_ms"":10.194750037044287,""work"":250},{""best_path_length_m"":163.92909598749742,""elapsed_ms"":34.261458087712526,""work"":500},{""best_path_length_m"":162.41065925111803,""elapsed_ms"":123.00620810128748,""work"":1000},{""best_path_length_m"":162.41065925111803,""elapsed_ms"":455.96695807762444,""work"":2000},{""best_path_length_m"":160.57202249605143,""elapsed_ms"":1009.4170421361923,""work"":3000}]",160.5720224960514,31.22466275102549,147.10244380476723,1.6536508435355817,2112,2111,3000
cfe9c377cfa3b8a496c794df0f3619ade81e6e3f,static-city-descriptive-v2,2026-08-05T07:03:32+00:00,run-14dbe53b93a79ea7d2bd,rrt-budget-curve,,open-blocks,sha256:cd060091183221f321333a534eb2c9f42957ad18162f9d0d9f781e9696f86db5,rrt-star,rrt-star@0.2.0|sample-attempts=3000|wall-ms=none|params=ebaecaf4b03a,47,success,,True,True,success,True,122.36421045387414,"{""goal_bias"":0.12,""goal_tolerance"":9.0,""max_samples"":3000,""max_wall_time_ms"":null,""neighbor_radius"":15.0,""quality_checkpoints"":[250,500,1000,2000,3000],""rewire_gamma"":45.0,""seed"":47,""step_size"":7.0}",950.1602919772267,0.019666971638798714,950.1406250055879,1.157958060503006,3.1031249091029167,sample-attempts,3000,,3000,950.1602919772267,sample-budget-completed,"[{""best_path_length_m"":null,""elapsed_ms"":7.557709002867341,""work"":250},{""best_path_length_m"":158.0999775446055,""elapsed_ms"":27.386666974052787,""work"":500},{""best_path_length_m"":157.42569956380407,""elapsed_ms"":103.41791692189872,""work"":1000},{""best_path_length_m"":156.69967172273135,""elapsed_ms"":427.90158395655453,""work"":2000},{""best_path_length_m"":156.69967172273135,""elapsed_ms"":949.7650838457048,""work"":3000}]",156.69967172273138,28.06005215209573,147.60392880756464,1.664424993406461,2099,2098,3000
cfe9c377cfa3b8a496c794df0f3619ade81e6e3f,static-city-descriptive-v2,2026-08-05T07:03:32+00:00,run-5605875cca4a44af987c,rrt-budget-curve,,open-blocks,sha256:cd060091183221f321333a534eb2c9f42957ad18162f9d0d9f781e9696f86db5,rrt-star,rrt-star@0.2.0|sample-attempts=3000|wall-ms=none|params=ebaecaf4b03a,59,success,,True,True,success,True,122.36421045387414,"{""goal_bias"":0.12,""goal_tolerance"":9.0,""max_samples"":3000,""max_wall_time_ms"":null,""neighbor_radius"":15.0,""quality_checkpoints"":[250,500,1000,2000,3000],""rewire_gamma"":45.0,""seed"":59,""step_size"":7.0}",937.9902500659227,0.018208986148238182,937.9720410797745,0.7307501509785652,2.5361659936606884,sample-attempts,3000,,3000,937.9902500659227,sample-budget-completed,"[{""best_path_length_m"":null,""elapsed_ms"":9.018583921715617,""work"":250},{""best_path_length_m"":155.16892845516298,""elapsed_ms"":30.78220901079476,""work"":500},{""best_path_length_m"":155.0674801200545,""elapsed_ms"":106.88899992965162,""work"":1000},{""best_path_length_m"":153.2755324536092,""elapsed_ms"":419.3849170114845,""work"":2000},{""best_path_length_m"":153.2755324536092,""elapsed_ms"":937.5959590543061,""work"":3000}]",153.27553245360923,25.261734526033884,144.10843452198645,1.287270071245139,2078,2077,3000
cfe9c377cfa3b8a496c794df0f3619ade81e6e3f,static-city-descriptive-v2,2026-08-05T07:03:32+00:00,run-5ec75695f1e80b3e8599,rrt-budget-curve,,urban-canyon,sha256:91d7800b11953c398432ca16bbae1187fa49480a763bca67ebc8190ec09eff6e,rrt-star,rrt-star@0.2.0|sample-attempts=3000|wall-ms=none|params=ebaecaf4b03a,11,success,,True,True,success,True,120.21647141718975,"{""goal_bias"":0.12,""goal_tolerance"":9.0,""max_samples"":3000,""max_wall_time_ms"":null,""neighbor_radius"":15.0,""quality_checkpoints"":[250,500,1000,2000,3000],""rewire_gamma"":45.0,""seed"":11,""step_size"":7.0}",586.7995419539511,0.017625046893954277,586.7819169070572,1.2198330368846655,3.250749781727791,sample-attempts,3000,,3000,586.7995419539511,sample-budget-completed,"[{""best_path_length_m"":null,""elapsed_ms"":4.033708944916725,""work"":250},{""best_path_length_m"":null,""elapsed_ms"":13.964999932795763,""work"":500},{""best_path_length_m"":216.78491598008054,""elapsed_ms"":58.92812507227063,""work"":1000},{""best_path_length_m"":202.53121707954747,""elapsed_ms"":254.22579189762473,""work"":2000},{""best_path_length_m"":199.1714016477249,""elapsed_ms"":586.5042919758707,""work"":3000}]",199.1714016477249,65.67729804390632,175.42828214323248,2.018536817891106,1487,1486,3000
cfe9c377cfa3b8a496c794df0f3619ade81e6e3f,static-city-descriptive-v2,2026-08-05T07:03:32+00:00,run-5ecddca773ca4b37c820,rrt-budget-curve,,urban-canyon,sha256:91d7800b11953c398432ca16bbae1187fa49480a763bca67ebc8190ec09eff6e,rrt-star,rrt-star@0.2.0|sample-attempts=3000|wall-ms=none|params=ebaecaf4b03a,23,success,,True,True,success,True,120.21647141718975,"{""goal_bias"":0.12,""goal_tolerance"":9.0,""max_samples"":3000,""max_wall_time_ms"":null,""neighbor_radius"":15.0,""quality_checkpoints"":[250,500,1000,2000,3000],""rewire_gamma"":45.0,""seed"":23,""step_size"":7.0}",582.6129999477416,0.017167069017887115,582.5958328787237,1.0302921291440725,2.667540917173028,sample-attempts,3000,,3000,582.6129999477416,sample-budget-completed,"[{""best_path_length_m"":null,""elapsed_ms"":2.613374963402748,""work"":250},{""best_path_length_m"":null,""elapsed_ms"":9.065625024959445,""work"":500},{""best_path_length_m"":205.4102573345254,""elapsed_ms"":48.93179191276431,""work"":1000},{""best_path_length_m"":204.58243271044455,""elapsed_ms"":245.684124995023,""work"":2000},{""best_path_length_m"":196.0028529029611,""elapsed_ms"":582.317000022158,""work"":3000}]",196.00285290296108,63.04159537570211,186.50954542598487,1.5131893970446337,1470,1469,3000
cfe9c377cfa3b8a496c794df0f3619ade81e6e3f,static-city-descriptive-v2,2026-08-05T07:03:32+00:00,run-65f53136af3f170f7c8d,rrt-budget-curve,,urban-canyon,sha256:91d7800b11953c398432ca16bbae1187fa49480a763bca67ebc8190ec09eff6e,rrt-star,rrt-star@0.2.0|sample-attempts=3000|wall-ms=none|params=ebaecaf4b03a,37,success,,True,True,success,True,120.21647141718975,"{""goal_bias"":0.12,""goal_tolerance"":9.0,""max_samples"":3000,""max_wall_time_ms"":null,""neighbor_radius"":15.0,""quality_checkpoints"":[250,500,1000,2000,3000],""rewire_gamma"":45.0,""seed"":37,""step_size"":7.0}",620.5385411158204,0.016415957361459732,620.522125158459,0.7512499578297138,2.5176249910146,sample-attempts,3000,,3000,620.5385411158204,sample-budget-completed,"[{""best_path_length_m"":null,""elapsed_ms"":3.925291122868657,""work"":250},{""best_path_length_m"":184.74714199999173,""elapsed_ms"":16.82858308777213,""work"":500},{""best_path_length_m"":182.38453867677077,""elapsed_ms"":69.25925007089972,""work"":1000},{""best_path_length_m"":182.30639759778262,""elapsed_ms"":272.63708296231925,""work"":2000},{""best_path_length_m"":179.16325188354236,""elapsed_ms"":620.2460001222789,""work"":3000}]",179.16325188354233,49.03386347265868,172.38707203543552,1.5850232291237796,1505,1504,3000
cfe9c377cfa3b8a496c794df0f3619ade81e6e3f,static-city-descriptive-v2,2026-08-05T07:03:32+00:00,run-775ee99b1da6416d71b4,rrt-budget-curve,,urban-canyon,sha256:91d7800b11953c398432ca16bbae1187fa49480a763bca67ebc8190ec09eff6e,rrt-star,rrt-star@0.2.0|sample-attempts=3000|wall-ms=none|params=ebaecaf4b03a,47,success,,True,True,success,True,120.21647141718975,"{""goal_bias"":0.12,""goal_tolerance"":9.0,""max_samples"":3000,""max_wall_time_ms"":null,""neighbor_radius"":15.0,""quality_checkpoints"":[250,500,1000,2000,3000],""rewire_gamma"":45.0,""seed"":47,""step_size"":7.0}",610.6862500309944,0.018791062757372856,610.667458968237,0.8213750552386045,2.416416071355343,sample-attempts,3000,,3000,610.6862500309944,sample-budget-completed,"[{""best_path_length_m"":null,""elapsed_ms"":2.182000083848834,""work"":250},{""best_path_length_m"":null,""elapsed_ms"":10.214250069111586,""work"":500},{""best_path_length_m"":191.11517459514764,""elapsed_ms"":54.18679118156433,""work"":1000},{""best_path_length_m"":187.29520522312274,""elapsed_ms"":254.64308308437467,""work"":2000},{""best_path_length_m"":179.1581992667852,""elapsed_ms"":610.4002501815557,""work"":3000}]",179.1581992667852,49.029660540483455,165.8679332968658,1.437292181104735,1499,1498,3000
cfe9c377cfa3b8a496c794df0f3619ade81e6e3f,static-city-descriptive-v2,2026-08-05T07:03:32+00:00,run-0c0a007677123d706dfc,rrt-budget-curve,,urban-canyon,sha256:91d7800b11953c398432ca16bbae1187fa49480a763bca67ebc8190ec09eff6e,rrt-star,rrt-star@0.2.0|sample-attempts=3000|wall-ms=none|params=ebaecaf4b03a,59,success,,True,True,success,True,120.21647141718975,"{""goal_bias"":0.12,""goal_tolerance"":9.0,""max_samples"":3000,""max_wall_time_ms"":null,""neighbor_radius"":15.0,""quality_checkpoints"":[250,500,1000,2000,3000],""rewire_gamma"":45.0,""seed"":59,""step_size"":7.0}",655.4035840090364,0.016666948795318604,655.3869170602411,0.8618328720331192,2.6001669466495514,sample-attempts,3000,,3000,655.4035840090364,sample-budget-completed,"[{""best_path_length_m"":null,""elapsed_ms"":3.6259170155972242,""work"":250},{""best_path_length_m"":null,""elapsed_ms"":14.705333858728409,""work"":500},{""best_path_length_m"":194.2527623056899,""elapsed_ms"":66.68441696092486,""work"":1000},{""best_path_length_m"":192.74554431575757,""elapsed_ms"":278.54958386160433,""work"":2000},{""best_path_length_m"":190.59217618634804,""elapsed_ms"":655.1077088806778,""work"":3000}]",190.59217618634807,58.540817193787056,179.7629348370075,1.4285536635987652,1550,1549,3000
cfe9c377cfa3b8a496c794df0f3619ade81e6e3f,static-city-descriptive-v2,2026-08-05T07:03:32+00:00,run-44cb5a23681d08042fe1,rrt-budget-curve,,restricted-core,sha256:be76e250e17398b69d44b43e5630bf19b2288dc50e4ae7fc981aaea39cb72924,rrt-star,rrt-star@0.2.0|sample-attempts=3000|wall-ms=none|params=ebaecaf4b03a,11,success,,True,True,success,True,86.0,"{""goal_bias"":0.12,""goal_tolerance"":9.0,""max_samples"":3000,""max_wall_time_ms"":null,""neighbor_radius"":15.0,""quality_checkpoints"":[250,500,1000,2000,3000],""rewire_gamma"":45.0,""seed"":11,""step_size"":7.0}",845.4320828896016,0.018207821995019913,845.4138750676066,0.751707935705781,2.160499105229974,sample-attempts,3000,,3000,845.4320828896016,sample-budget-completed,"[{""best_path_length_m"":null,""elapsed_ms"":7.215374847874045,""work"":250},{""best_path_length_m"":151.68590819402522,""elapsed_ms"":26.907166000455618,""work"":500},{""best_path_length_m"":151.68590819402522,""elapsed_ms"":98.39412500150502,""work"":1000},{""best_path_length_m"":151.16501554899213,""elapsed_ms"":381.89995801076293,""work"":2000},{""best_path_length_m"":147.07851102613887,""elapsed_ms"":845.0801658909768,""work"":3000}]",147.07851102613887,71.02152444899869,136.9051433590534,1.5397017258359984,1892,1891,3000
cfe9c377cfa3b8a496c794df0f3619ade81e6e3f,static-city-descriptive-v2,2026-08-05T07:03:32+00:00,run-9fe8b44dc7b6f3716313,rrt-budget-curve,,restricted-core,sha256:be76e250e17398b69d44b43e5630bf19b2288dc50e4ae7fc981aaea39cb72924,rrt-star,rrt-star@0.2.0|sample-attempts=3000|wall-ms=none|params=ebaecaf4b03a,23,success,,True,True,success,True,86.0,"{""goal_bias"":0.12,""goal_tolerance"":9.0,""max_samples"":3000,""max_wall_time_ms"":null,""neighbor_radius"":15.0,""quality_checkpoints"":[250,500,1000,2000,3000],""rewire_gamma"":45.0,""seed"":23,""step_size"":7.0}",851.4849168714136,0.018624821677803993,851.4662920497358,1.1744999792426825,2.561667002737522,sample-attempts,3000,,3000,851.4849168714136,sample-budget-completed,"[{""best_path_length_m"":149.87874693517418,""elapsed_ms"":6.7913339007645845,""work"":250},{""best_path_length_m"":146.0236138283821,""elapsed_ms"":26.329541811719537,""work"":500},{""best_path_length_m"":145.46704321120603,""elapsed_ms"":96.85624996200204,""work"":1000},{""best_path_length_m"":145.46704321120603,""elapsed_ms"":377.22383392974734,""work"":2000},{""best_path_length_m"":143.27814421663692,""elapsed_ms"":851.1129999533296,""work"":3000}]",143.27814421663695,66.60249327515923,130.30158235747567,1.5007961865681843,1894,1893,3000
cfe9c377cfa3b8a496c794df0f3619ade81e6e3f,static-city-descriptive-v2,2026-08-05T07:03:32+00:00,run-84adb95cc6ff8e952ca0,rrt-budget-curve,,restricted-core,sha256:be76e250e17398b69d44b43e5630bf19b2288dc50e4ae7fc981aaea39cb72924,rrt-star,rrt-star@0.2.0|sample-attempts=3000|wall-ms=none|params=ebaecaf4b03a,37,success,,True,True,success,True,86.0,"{""goal_bias"":0.12,""goal_tolerance"":9.0,""max_samples"":3000,""max_wall_time_ms"":null,""neighbor_radius"":15.0,""quality_checkpoints"":[250,500,1000,2000,3000],""rewire_gamma"":45.0,""seed"":37,""step_size"":7.0}",835.3112919721752,0.018459046259522438,835.2928329259157,1.0755842085927725,2.741334028542042,sample-attempts,3000,,3000,835.3112919721752,sample-budget-completed,"[{""best_path_length_m"":169.43530833726982,""elapsed_ms"":7.088416954502463,""work"":250},{""best_path_length_m"":169.43530833726982,""elapsed_ms"":25.983749888837337,""work"":500},{""best_path_length_m"":160.9543810063904,""elapsed_ms"":98.81858387961984,""work"":1000},{""best_path_length_m"":156.3686396786908,""elapsed_ms"":383.13366705551744,""work"":2000},{""best_path_length_m"":155.6221618806049,""elapsed_ms"":834.8802090622485,""work"":3000}]",155.62216188060495,80.95600218674994,143.16207755271964,2.0790405634584137,1883,1882,3000
cfe9c377cfa3b8a496c794df0f3619ade81e6e3f,static-city-descriptive-v2,2026-08-05T07:03:32+00:00,run-459a8c3fcd064c73e7a9,rrt-budget-curve,,restricted-core,sha256:be76e250e17398b69d44b43e5630bf19b2288dc50e4ae7fc981aaea39cb72924,rrt-star,rrt-star@0.2.0|sample-attempts=3000|wall-ms=none|params=ebaecaf4b03a,47,success,,True,True,success,True,86.0,"{""goal_bias"":0.12,""goal_tolerance"":9.0,""max_samples"":3000,""max_wall_time_ms"":null,""neighbor_radius"":15.0,""quality_checkpoints"":[250,500,1000,2000,3000],""rewire_gamma"":45.0,""seed"":47,""step_size"":7.0}",833.2779998891056,0.018041813746094704,833.2599580753595,1.0179579257965088,2.219040645286441,sample-attempts,3000,,3000,833.2779998891056,sample-budget-completed,"[{""best_path_length_m"":165.3486954536467,""elapsed_ms"":6.097666919231415,""work"":250},{""best_path_length_m"":164.5215837818748,""elapsed_ms"":23.83687486872077,""work"":500},{""best_path_length_m"":149.78963360743404,""elapsed_ms"":95.65849998034537,""work"":1000},{""best_path_length_m"":148.89381294532927,""elapsed_ms"":375.7225829176605,""work"":2000},{""best_path_length_m"":148.89381294532927,""elapsed_ms"":832.8485828824341,""work"":3000}]",148.89381294532922,73.13234063410374,139.34037857642198,1.3202855287051465,1908,1907,3000
cfe9c377cfa3b8a496c794df0f3619ade81e6e3f,static-city-descriptive-v2,2026-08-05T07:03:32+00:00,run-39a517ffc9d52933ca2a,rrt-budget-curve,,restricted-core,sha256:be76e250e17398b69d44b43e5630bf19b2288dc50e4ae7fc981aaea39cb72924,rrt-star,rrt-star@0.2.0|sample-attempts=3000|wall-ms=none|params=ebaecaf4b03a,59,success,,True,True,success,True,86.0,"{""goal_bias"":0.12,""goal_tolerance"":9.0,""max_samples"":3000,""max_wall_time_ms"":null,""neighbor_radius"":15.0,""quality_checkpoints"":[250,500,1000,2000,3000],""rewire_gamma"":45.0,""seed"":59,""step_size"":7.0}",834.1666250489652,0.018124934285879135,834.1485001146793,1.0840839240700006,2.2466247901320457,sample-attempts,3000,,3000,834.1666250489652,sample-budget-completed,"[{""best_path_length_m"":null,""elapsed_ms"":7.221499923616648,""work"":250},{""best_path_length_m"":160.13042176874657,""elapsed_ms"":26.22387488372624,""work"":500},{""best_path_length_m"":159.06726626246024,""elapsed_ms"":94.66979186981916,""work"":1000},{""best_path_length_m"":150.3621104043619,""elapsed_ms"":369.4839170202613,""work"":2000},{""best_path_length_m"":150.14726013641723,""elapsed_ms"":833.7814169935882,""work"":3000}]",150.14726013641726,74.58983736792703,143.89405144489447,1.6900173284829503,1895,1894,3000
cfe9c377cfa3b8a496c794df0f3619ade81e6e3f,static-city-descriptive-v2,2026-08-05T07:03:32+00:00,run-a6fcc30813e4fa95fb77,rrt-budget-curve,,vertical-gate,sha256:20c84cd97e1fec8d28b8e5aaa18b5a50b8e2252b75c14ad63f2ee7c32003aaa0,rrt-star,rrt-star@0.2.0|sample-attempts=3000|wall-ms=none|params=ebaecaf4b03a,11,success,,True,True,success,True,86.0,"{""goal_bias"":0.12,""goal_tolerance"":9.0,""max_samples"":3000,""max_wall_time_ms"":null,""neighbor_radius"":15.0,""quality_checkpoints"":[250,500,1000,2000,3000],""rewire_gamma"":45.0,""seed"":11,""step_size"":7.0}",835.2411661762744,0.018458114936947823,835.2227080613375,0.9692921303212643,2.002206863835454,sample-attempts,3000,,3000,835.2411661762744,sample-budget-completed,"[{""best_path_length_m"":110.58230477047964,""elapsed_ms"":7.9736660700291395,""work"":250},{""best_path_length_m"":110.58230477047964,""elapsed_ms"":27.666875161230564,""work"":500},{""best_path_length_m"":110.09783091200407,""elapsed_ms"":99.05458311550319,""work"":1000},{""best_path_length_m"":110.09783091200407,""elapsed_ms"":368.0531659629196,""work"":2000},{""best_path_length_m"":109.68447183541676,""elapsed_ms"":834.8987910430878,""work"":3000}]",109.68447183541677,27.540083529554394,101.10298794952351,1.6701861998637915,1875,1874,3000
cfe9c377cfa3b8a496c794df0f3619ade81e6e3f,static-city-descriptive-v2,2026-08-05T07:03:32+00:00,run-8beccb3c7dcb3bb8ce35,rrt-budget-curve,,vertical-gate,sha256:20c84cd97e1fec8d28b8e5aaa18b5a50b8e2252b75c14ad63f2ee7c32003aaa0,rrt-star,rrt-star@0.2.0|sample-attempts=3000|wall-ms=none|params=ebaecaf4b03a,23,success,,True,True,success,True,86.0,"{""goal_bias"":0.12,""goal_tolerance"":9.0,""max_samples"":3000,""max_wall_time_ms"":null,""neighbor_radius"":15.0,""quality_checkpoints"":[250,500,1000,2000,3000],""rewire_gamma"":45.0,""seed"":23,""step_size"":7.0}",857.7544998843223,0.017999904230237007,857.736499980092,0.8564589079469442,1.7950409092009068,sample-attempts,3000,,3000,857.7544998843223,sample-budget-completed,"[{""best_path_length_m"":126.18059454861385,""elapsed_ms"":8.506250102072954,""work"":250},{""best_path_length_m"":123.45775405948343,""elapsed_ms"":28.45229208469391,""work"":500},{""best_path_length_m"":123.45775405948343,""elapsed_ms"":101.73791693523526,""work"":1000},{""best_path_length_m"":123.45775405948343,""elapsed_ms"":385.8113749884069,""work"":2000},{""best_path_length_m"":123.45775405948343,""elapsed_ms"":857.3728338815272,""work"":3000}]",123.45775405948345,43.55552797614355,110.97906084132488,2.2972794031851773,1929,1928,3000
cfe9c377cfa3b8a496c794df0f3619ade81e6e3f,static-city-descriptive-v2,2026-08-05T07:03:32+00:00,run-c0edc2a9fdb176ed4223,rrt-budget-curve,,vertical-gate,sha256:20c84cd97e1fec8d28b8e5aaa18b5a50b8e2252b75c14ad63f2ee7c32003aaa0,rrt-star,rrt-star@0.2.0|sample-attempts=3000|wall-ms=none|params=ebaecaf4b03a,37,success,,True,True,success,True,86.0,"{""goal_bias"":0.12,""goal_tolerance"":9.0,""max_samples"":3000,""max_wall_time_ms"":null,""neighbor_radius"":15.0,""quality_checkpoints"":[250,500,1000,2000,3000],""rewire_gamma"":45.0,""seed"":37,""step_size"":7.0}",862.4220418278128,0.018958933651447296,862.4030828941613,0.9032920934259892,1.6905409283936024,sample-attempts,3000,,3000,862.4220418278128,sample-budget-completed,"[{""best_path_length_m"":116.14882781404873,""elapsed_ms"":9.324166923761368,""work"":250},{""best_path_length_m"":116.14882781404873,""elapsed_ms"":30.704999808222055,""work"":500},{""best_path_length_m"":115.66393591540813,""elapsed_ms"":108.90958388336003,""work"":1000},{""best_path_length_m"":115.66393591540813,""elapsed_ms"":403.6704997997731,""work"":2000},{""best_path_length_m"":114.55936636785125,""elapsed_ms"":861.9954169262201,""work"":3000}]",114.55936636785127,33.208565544013105,103.1668862274463,1.0552304322218387,1870,1869,3000
cfe9c377cfa3b8a496c794df0f3619ade81e6e3f,static-city-descriptive-v2,2026-08-05T07:03:32+00:00,run-3a5ff67036045c0fc713,rrt-budget-curve,,vertical-gate,sha256:20c84cd97e1fec8d28b8e5aaa18b5a50b8e2252b75c14ad63f2ee7c32003aaa0,rrt-star,rrt-star@0.2.0|sample-attempts=3000|wall-ms=none|params=ebaecaf4b03a,47,success,,True,True,success,True,86.0,"{""goal_bias"":0.12,""goal_tolerance"":9.0,""max_samples"":3000,""max_wall_time_ms"":null,""neighbor_radius"":15.0,""quality_checkpoints"":[250,500,1000,2000,3000],""rewire_gamma"":45.0,""seed"":47,""step_size"":7.0}",831.5875411499292,0.019041122868657112,831.5685000270605,0.8609159849584103,2.192374784499407,sample-attempts,3000,,3000,831.5875411499292,sample-budget-completed,"[{""best_path_length_m"":137.63121374538184,""elapsed_ms"":5.458250176161528,""work"":250},{""best_path_length_m"":137.63121374538184,""elapsed_ms"":21.91658318042755,""work"":500},{""best_path_length_m"":128.12745802705314,""elapsed_ms"":90.15495819039643,""work"":1000},{""best_path_length_m"":125.97188027017229,""elapsed_ms"":360.3759161196649,""work"":2000},{""best_path_length_m"":124.71192656764887,""elapsed_ms"":831.1635830905288,""work"":3000}]",124.71192656764889,45.01386810191732,104.2974832555837,2.513434331807818,1892,1891,3000
cfe9c377cfa3b8a496c794df0f3619ade81e6e3f,static-city-descriptive-v2,2026-08-05T07:03:32+00:00,run-828b909061d647c32413,rrt-budget-curve,,vertical-gate,sha256:20c84cd97e1fec8d28b8e5aaa18b5a50b8e2252b75c14ad63f2ee7c32003aaa0,rrt-star,rrt-star@0.2.0|sample-attempts=3000|wall-ms=none|params=ebaecaf4b03a,59,success,,True,True,success,True,86.0,"{""goal_bias"":0.12,""goal_tolerance"":9.0,""max_samples"":3000,""max_wall_time_ms"":null,""neighbor_radius"":15.0,""quality_checkpoints"":[250,500,1000,2000,3000],""rewire_gamma"":45.0,""seed"":59,""step_size"":7.0}",844.2765830550343,0.01845788210630417,844.258125172928,0.6757501978427172,1.78220821544528,sample-attempts,3000,,3000,844.2765830550343,sample-budget-completed,"[{""best_path_length_m"":144.08228653498162,""elapsed_ms"":8.934292010962963,""work"":250},{""best_path_length_m"":132.98865231494128,""elapsed_ms"":31.93479194305837,""work"":500},{""best_path_length_m"":124.46246076980097,""elapsed_ms"":103.89270796440542,""work"":1000},{""best_path_length_m"":124.46246076980097,""elapsed_ms"":384.50604188255966,""work"":2000},{""best_path_length_m"":124.46246076980097,""elapsed_ms"":843.8727918546647,""work"":3000}]",124.46246076980096,44.723791592791805,110.09374576387884,1.6253627663264854,1924,1923,3000
