source_commit,protocol_id,generated_at,run_id,scenario_id,scenario_fingerprint,planner_id,status,failure_reason,success,completion_time_s,executed_path_length_m,direct_distance_m,path_excess_pct,replans,failed_replans,holds,safety_gate_activations,collision_count,total_planning_work,work_unit,total_changed_edges,deadline_misses,frame_count,parameters_json
local-snapshot:sha256:000c1d39fd6abbcdfcc467a33ce534e582e7218c5ee17b4b4d2c6bccce72ab3c,manhattan-reactive-demo-v3,2026-10-05T20:57:39+00:00,sha256:323ee54c5a1e9b7fb316fe45097348347c3aeede48a154558b8da0938a8949c8,midtown-medical-link-reactive,sha256:b74454d60de0a741cf1e46960fb791db18a783acc06b0bc621e1cb9690a467b3,repeated-astar-3d,success,,true,208.140576025699,2913.968064359779,2726.064258844625,6.892860463781,26,0,0,1,0,196,expanded-nodes,0,0,108,"{""cruiseSpeedMps"":14,""curveSampleSpacingM"":2,""horizontalEscape"":1,""legCount"":7,""maxExpansions"":20000,""maxTimeS"":600,""pathShortcut"":1,""planningGuardS"":10,""preserveAltitude"":1,""replanIntervalS"":10,""resolutionM"":50,""serviceDurationTotalS"":0.0,""smoothTurns"":1,""taskPointCount"":6,""timeStepS"":2,""turnScaleM"":60}"
local-snapshot:sha256:000c1d39fd6abbcdfcc467a33ce534e582e7218c5ee17b4b4d2c6bccce72ab3c,manhattan-reactive-demo-v3,2026-10-05T20:57:39+00:00,sha256:f48220619e66dd379b98ea8a44083358bc76a7982553b0e137b83fbdce3634a4,midtown-medical-link-reactive,sha256:b74454d60de0a741cf1e46960fb791db18a783acc06b0bc621e1cb9690a467b3,repeated-lazy-theta-star,success,,true,209.405313036646,2931.67438251305,2726.064258844625,7.542379934784,26,0,0,1,0,176,expanded-nodes,0,0,109,"{""cruiseSpeedMps"":14,""curveSampleSpacingM"":2,""horizontalEscape"":1,""legCount"":7,""maxExpansions"":20000,""maxTimeS"":600,""pathShortcut"":1,""planningGuardS"":10,""preserveAltitude"":1,""replanIntervalS"":10,""resolutionM"":50,""serviceDurationTotalS"":0.0,""smoothTurns"":1,""taskPointCount"":6,""timeStepS"":2,""turnScaleM"":60}"
local-snapshot:sha256:000c1d39fd6abbcdfcc467a33ce534e582e7218c5ee17b4b4d2c6bccce72ab3c,manhattan-reactive-demo-v3,2026-10-05T20:57:39+00:00,sha256:06cb62c8d7d5177a0717c37dff4877e1705880befeb28513d6cf069180be0e9f,midtown-medical-link-reactive,sha256:b74454d60de0a741cf1e46960fb791db18a783acc06b0bc621e1cb9690a467b3,dstar-lite-3d,success,,true,208.837693072856,2923.727703019985,2726.064258844625,7.250872518285,26,0,0,1,0,78,queue-pops,0,0,108,"{""cruiseSpeedMps"":14,""curveSampleSpacingM"":2,""horizontalEscape"":1,""legCount"":7,""maxExpansions"":20000,""maxTimeS"":600,""pathShortcut"":1,""planningGuardS"":10,""preserveAltitude"":1,""replanIntervalS"":10,""resolutionM"":50,""serviceDurationTotalS"":0.0,""smoothTurns"":1,""taskPointCount"":6,""timeStepS"":2,""turnScaleM"":60}"
local-snapshot:sha256:000c1d39fd6abbcdfcc467a33ce534e582e7218c5ee17b4b4d2c6bccce72ab3c,manhattan-reactive-demo-v3,2026-10-05T20:57:39+00:00,sha256:1f2a0a524558773e2cd8e249d84f2b3e38c1ff6a13a2eed6ac14632752b3f9dd,chelsea-midtown-delivery-reactive,sha256:0187780409ee1f5693ca97eb113b2db40fc53654e816755e1313ce59ff1abd9a,repeated-astar-3d,success,,true,296.983940091325,4157.775161278555,3550.998916795461,17.087480416093,35,0,0,0,0,136,expanded-nodes,0,0,153,"{""cruiseSpeedMps"":14,""curveSampleSpacingM"":2,""horizontalEscape"":1,""legCount"":9,""maxExpansions"":20000,""maxTimeS"":600,""pathShortcut"":1,""planningGuardS"":10,""preserveAltitude"":1,""replanIntervalS"":10,""resolutionM"":50,""serviceDurationTotalS"":0.0,""smoothTurns"":1,""taskPointCount"":8,""timeStepS"":2,""turnScaleM"":60}"
local-snapshot:sha256:000c1d39fd6abbcdfcc467a33ce534e582e7218c5ee17b4b4d2c6bccce72ab3c,manhattan-reactive-demo-v3,2026-10-05T20:57:39+00:00,sha256:60be99ce26bbaa98b1fdac5e252df4cfbc2bceece9c2cb31ee7f35cd7231102c,chelsea-midtown-delivery-reactive,sha256:0187780409ee1f5693ca97eb113b2db40fc53654e816755e1313ce59ff1abd9a,repeated-lazy-theta-star,success,,true,296.349546531847,4148.893651445864,3550.998916795461,16.837367418573,35,0,0,0,0,87,expanded-nodes,0,0,153,"{""cruiseSpeedMps"":14,""curveSampleSpacingM"":2,""horizontalEscape"":1,""legCount"":9,""maxExpansions"":20000,""maxTimeS"":600,""pathShortcut"":1,""planningGuardS"":10,""preserveAltitude"":1,""replanIntervalS"":10,""resolutionM"":50,""serviceDurationTotalS"":0.0,""smoothTurns"":1,""taskPointCount"":8,""timeStepS"":2,""turnScaleM"":60}"
local-snapshot:sha256:000c1d39fd6abbcdfcc467a33ce534e582e7218c5ee17b4b4d2c6bccce72ab3c,manhattan-reactive-demo-v3,2026-10-05T20:57:39+00:00,sha256:5da2ae71971818970fc560ffbd38ce4ffb0a93131ddee443a9d5292bdbd10cf7,chelsea-midtown-delivery-reactive,sha256:0187780409ee1f5693ca97eb113b2db40fc53654e816755e1313ce59ff1abd9a,dstar-lite-3d,success,,true,298.047333127665,4172.662663787313,3550.998916795461,17.506728713758,36,0,0,0,0,154,queue-pops,610,0,154,"{""cruiseSpeedMps"":14,""curveSampleSpacingM"":2,""horizontalEscape"":1,""legCount"":9,""maxExpansions"":20000,""maxTimeS"":600,""pathShortcut"":1,""planningGuardS"":10,""preserveAltitude"":1,""replanIntervalS"":10,""resolutionM"":50,""serviceDurationTotalS"":0.0,""smoothTurns"":1,""taskPointCount"":8,""timeStepS"":2,""turnScaleM"":60}"
local-snapshot:sha256:000c1d39fd6abbcdfcc467a33ce534e582e7218c5ee17b4b4d2c6bccce72ab3c,manhattan-reactive-demo-v3,2026-10-05T20:57:39+00:00,sha256:b44c82d83ff528193394fb0eea43e1ddd6f1c3302069c32bd4a81221be046251,hudson-inspection-reactive,sha256:56ecaaa90d7b252aab6bcd0b727830bffdf492bdbe56ce091179fa729cb64d73,repeated-astar-3d,success,,true,214.278639154114,2999.90094815759,2666.045011740516,12.522516872253,24,0,0,0,0,367,expanded-nodes,0,0,111,"{""cruiseSpeedMps"":14,""curveSampleSpacingM"":2,""horizontalEscape"":1,""legCount"":7,""maxExpansions"":20000,""maxTimeS"":600,""pathShortcut"":1,""planningGuardS"":10,""preserveAltitude"":1,""replanIntervalS"":10,""resolutionM"":50,""serviceDurationTotalS"":0.0,""smoothTurns"":1,""taskPointCount"":6,""timeStepS"":2,""turnScaleM"":60}"
local-snapshot:sha256:000c1d39fd6abbcdfcc467a33ce534e582e7218c5ee17b4b4d2c6bccce72ab3c,manhattan-reactive-demo-v3,2026-10-05T20:57:39+00:00,sha256:318585353166c4c8a77f24adf2c1d7974d204d571c18d4ec1c120805de087c6e,hudson-inspection-reactive,sha256:56ecaaa90d7b252aab6bcd0b727830bffdf492bdbe56ce091179fa729cb64d73,repeated-lazy-theta-star,success,,true,214.58311602344,3004.163624328165,2666.045011740516,12.68240450175,24,0,0,0,0,370,expanded-nodes,0,0,111,"{""cruiseSpeedMps"":14,""curveSampleSpacingM"":2,""horizontalEscape"":1,""legCount"":7,""maxExpansions"":20000,""maxTimeS"":600,""pathShortcut"":1,""planningGuardS"":10,""preserveAltitude"":1,""replanIntervalS"":10,""resolutionM"":50,""serviceDurationTotalS"":0.0,""smoothTurns"":1,""taskPointCount"":6,""timeStepS"":2,""turnScaleM"":60}"
local-snapshot:sha256:000c1d39fd6abbcdfcc467a33ce534e582e7218c5ee17b4b4d2c6bccce72ab3c,manhattan-reactive-demo-v3,2026-10-05T20:57:39+00:00,sha256:e26dd5162ad9af2fcede436989a6e55c328792a0f1b00abcb771a4490104164c,hudson-inspection-reactive,sha256:56ecaaa90d7b252aab6bcd0b727830bffdf492bdbe56ce091179fa729cb64d73,dstar-lite-3d,success,,true,213.687947349734,2991.631262896272,2666.045011740516,12.212331364323,24,0,0,0,0,245,queue-pops,291,0,111,"{""cruiseSpeedMps"":14,""curveSampleSpacingM"":2,""horizontalEscape"":1,""legCount"":7,""maxExpansions"":20000,""maxTimeS"":600,""pathShortcut"":1,""planningGuardS"":10,""preserveAltitude"":1,""replanIntervalS"":10,""resolutionM"":50,""serviceDurationTotalS"":0.0,""smoothTurns"":1,""taskPointCount"":6,""timeStepS"":2,""turnScaleM"":60}"
local-snapshot:sha256:000c1d39fd6abbcdfcc467a33ce534e582e7218c5ee17b4b4d2c6bccce72ab3c,manhattan-reactive-demo-v3,2026-10-05T20:57:39+00:00,sha256:e457ab58add3d98398dcad9709dcef66681c3bc2e766e79a887374a711d86292,flatiron-eastside-logistics-reactive,sha256:7d2e848039cecd6202c08d46e1311432e50600ae9617271f7957b9dfe6d9aa7c,repeated-astar-3d,success,,true,276.213477663964,3866.98868729549,2997.602652697916,29.00271101025,34,0,0,1,0,270,expanded-nodes,0,0,145,"{""cruiseSpeedMps"":14,""curveSampleSpacingM"":2,""horizontalEscape"":1,""legCount"":9,""maxExpansions"":20000,""maxTimeS"":600,""pathShortcut"":1,""planningGuardS"":10,""preserveAltitude"":1,""replanIntervalS"":10,""resolutionM"":50,""serviceDurationTotalS"":0.0,""smoothTurns"":1,""taskPointCount"":8,""timeStepS"":2,""turnScaleM"":60}"
local-snapshot:sha256:000c1d39fd6abbcdfcc467a33ce534e582e7218c5ee17b4b4d2c6bccce72ab3c,manhattan-reactive-demo-v3,2026-10-05T20:57:39+00:00,sha256:793513669af8c3301c922ca699e101e8a24849ac26c9b7734991ac144ec5afc7,flatiron-eastside-logistics-reactive,sha256:7d2e848039cecd6202c08d46e1311432e50600ae9617271f7957b9dfe6d9aa7c,repeated-lazy-theta-star,success,,true,275.846744669882,3861.854425378353,2997.602652697916,28.831432074648,34,0,0,1,0,186,expanded-nodes,0,0,144,"{""cruiseSpeedMps"":14,""curveSampleSpacingM"":2,""horizontalEscape"":1,""legCount"":9,""maxExpansions"":20000,""maxTimeS"":600,""pathShortcut"":1,""planningGuardS"":10,""preserveAltitude"":1,""replanIntervalS"":10,""resolutionM"":50,""serviceDurationTotalS"":0.0,""smoothTurns"":1,""taskPointCount"":8,""timeStepS"":2,""turnScaleM"":60}"
local-snapshot:sha256:000c1d39fd6abbcdfcc467a33ce534e582e7218c5ee17b4b4d2c6bccce72ab3c,manhattan-reactive-demo-v3,2026-10-05T20:57:39+00:00,sha256:c12a58bcdc9de6c027f205e66d9be5eb0f3a59ed8e410347840f0ea5bae52034,flatiron-eastside-logistics-reactive,sha256:7d2e848039cecd6202c08d46e1311432e50600ae9617271f7957b9dfe6d9aa7c,dstar-lite-3d,success,,true,277.305257198225,3882.273600775154,2997.602652697916,29.512615599036,34,0,0,1,0,230,queue-pops,458,0,145,"{""cruiseSpeedMps"":14,""curveSampleSpacingM"":2,""horizontalEscape"":1,""legCount"":9,""maxExpansions"":20000,""maxTimeS"":600,""pathShortcut"":1,""planningGuardS"":10,""preserveAltitude"":1,""replanIntervalS"":10,""resolutionM"":50,""serviceDurationTotalS"":0.0,""smoothTurns"":1,""taskPointCount"":8,""timeStepS"":2,""turnScaleM"":60}"
local-snapshot:sha256:000c1d39fd6abbcdfcc467a33ce534e582e7218c5ee17b4b4d2c6bccce72ab3c,manhattan-reactive-demo-v3,2026-10-05T20:57:39+00:00,sha256:96bc4fe262f8d4f0dc80e2cf80c2a07ebb2b266358ef8b7edebce5787ce2788c,midtown-west-backhaul-reactive,sha256:86ca1786a3a58b1337bd65df1ef22f3d3f39a7c40d427708d49abf65394559c1,repeated-astar-3d,success,,true,277.27178805563,3881.805032778822,3530.055192025716,9.964428928695,35,1,0,3,0,292,expanded-nodes,0,0,145,"{""cruiseSpeedMps"":14,""curveSampleSpacingM"":2,""horizontalEscape"":1,""legCount"":9,""maxExpansions"":20000,""maxTimeS"":600,""pathShortcut"":1,""planningGuardS"":10,""preserveAltitude"":1,""replanIntervalS"":10,""resolutionM"":50,""serviceDurationTotalS"":0.0,""smoothTurns"":1,""taskPointCount"":8,""timeStepS"":2,""turnScaleM"":60}"
local-snapshot:sha256:000c1d39fd6abbcdfcc467a33ce534e582e7218c5ee17b4b4d2c6bccce72ab3c,manhattan-reactive-demo-v3,2026-10-05T20:57:39+00:00,sha256:99f1c508d3495bb476cf8fbaa565ae5f8e749f9740d1518832a1c9dffa46f763,midtown-west-backhaul-reactive,sha256:86ca1786a3a58b1337bd65df1ef22f3d3f39a7c40d427708d49abf65394559c1,repeated-lazy-theta-star,success,,true,274.709898342621,3845.938576796697,3530.055192025716,8.948397902802,34,0,0,1,0,215,expanded-nodes,0,0,144,"{""cruiseSpeedMps"":14,""curveSampleSpacingM"":2,""horizontalEscape"":1,""legCount"":9,""maxExpansions"":20000,""maxTimeS"":600,""pathShortcut"":1,""planningGuardS"":10,""preserveAltitude"":1,""replanIntervalS"":10,""resolutionM"":50,""serviceDurationTotalS"":0.0,""smoothTurns"":1,""taskPointCount"":8,""timeStepS"":2,""turnScaleM"":60}"
local-snapshot:sha256:000c1d39fd6abbcdfcc467a33ce534e582e7218c5ee17b4b4d2c6bccce72ab3c,manhattan-reactive-demo-v3,2026-10-05T20:57:39+00:00,sha256:fc288cd3fd33e4fac25bf5c159690c7105ab42624c91020d793e6886bc1a75f9,midtown-west-backhaul-reactive,sha256:86ca1786a3a58b1337bd65df1ef22f3d3f39a7c40d427708d49abf65394559c1,dstar-lite-3d,success,,true,278.612356601783,3900.572992424964,3530.055192025716,10.496090861022,35,1,0,3,0,362,queue-pops,1130,0,146,"{""cruiseSpeedMps"":14,""curveSampleSpacingM"":2,""horizontalEscape"":1,""legCount"":9,""maxExpansions"":20000,""maxTimeS"":600,""pathShortcut"":1,""planningGuardS"":10,""preserveAltitude"":1,""replanIntervalS"":10,""resolutionM"":50,""serviceDurationTotalS"":0.0,""smoothTurns"":1,""taskPointCount"":8,""timeStepS"":2,""turnScaleM"":60}"
local-snapshot:sha256:000c1d39fd6abbcdfcc467a33ce534e582e7218c5ee17b4b4d2c6bccce72ab3c,manhattan-reactive-demo-v3,2026-10-05T20:57:39+00:00,sha256:ead34cd90f7cb1833df2ed97e413bf49d694758951a4a12ea962e2ad4f0d5000,eastside-medical-return-reactive,sha256:64446aafd35aa150aba583e6a01b5c17e297d54b23ba3ab54a047c52395a5d40,repeated-astar-3d,success,,true,221.348069888085,3098.872978433186,2619.292973185671,18.309521315755,30,3,0,6,0,378,expanded-nodes,0,0,116,"{""cruiseSpeedMps"":14,""curveSampleSpacingM"":2,""horizontalEscape"":1,""legCount"":7,""maxExpansions"":20000,""maxTimeS"":600,""pathShortcut"":1,""planningGuardS"":10,""preserveAltitude"":1,""replanIntervalS"":10,""resolutionM"":50,""serviceDurationTotalS"":0.0,""smoothTurns"":1,""taskPointCount"":6,""timeStepS"":2,""turnScaleM"":60}"
local-snapshot:sha256:000c1d39fd6abbcdfcc467a33ce534e582e7218c5ee17b4b4d2c6bccce72ab3c,manhattan-reactive-demo-v3,2026-10-05T20:57:39+00:00,sha256:873b0547dd46e0f9e8479fee61d328267e4d755098cc394e2fa50f3e82efd4f9,eastside-medical-return-reactive,sha256:64446aafd35aa150aba583e6a01b5c17e297d54b23ba3ab54a047c52395a5d40,repeated-lazy-theta-star,success,,true,232.321454806672,3252.500367293413,2619.292973185671,24.174744886885,33,5,0,9,0,295,expanded-nodes,0,0,121,"{""cruiseSpeedMps"":14,""curveSampleSpacingM"":2,""horizontalEscape"":1,""legCount"":7,""maxExpansions"":20000,""maxTimeS"":600,""pathShortcut"":1,""planningGuardS"":10,""preserveAltitude"":1,""replanIntervalS"":10,""resolutionM"":50,""serviceDurationTotalS"":0.0,""smoothTurns"":1,""taskPointCount"":6,""timeStepS"":2,""turnScaleM"":60}"
local-snapshot:sha256:000c1d39fd6abbcdfcc467a33ce534e582e7218c5ee17b4b4d2c6bccce72ab3c,manhattan-reactive-demo-v3,2026-10-05T20:57:39+00:00,sha256:568de547d18e2b8072ae35b2dda800d25810179480189da9cd12b7914c4ba870,eastside-medical-return-reactive,sha256:64446aafd35aa150aba583e6a01b5c17e297d54b23ba3ab54a047c52395a5d40,dstar-lite-3d,success,,true,228.370076018263,3197.181064255678,2619.292973185671,22.062751169342,29,2,0,4,0,290,queue-pops,30,0,118,"{""cruiseSpeedMps"":14,""curveSampleSpacingM"":2,""horizontalEscape"":1,""legCount"":7,""maxExpansions"":20000,""maxTimeS"":600,""pathShortcut"":1,""planningGuardS"":10,""preserveAltitude"":1,""replanIntervalS"":10,""resolutionM"":50,""serviceDurationTotalS"":0.0,""smoothTurns"":1,""taskPointCount"":6,""timeStepS"":2,""turnScaleM"":60}"
local-snapshot:sha256:000c1d39fd6abbcdfcc467a33ce534e582e7218c5ee17b4b4d2c6bccce72ab3c,manhattan-reactive-demo-v3,2026-10-05T20:57:39+00:00,sha256:5764b2b142df9ee36d83183afa64622e1b13125b2c67f4e0c288015a0255fc41,midtown-supply-backhaul-reactive,sha256:cddef58f42df52d8d5315297b5b6f0c518489962195eb3c164e4da4147527005,repeated-astar-3d,success,,true,216.992871767345,3037.90020474283,2873.889823075237,5.7069126433,25,0,0,0,0,27,expanded-nodes,0,0,114,"{""cruiseSpeedMps"":14,""curveSampleSpacingM"":2,""horizontalEscape"":1,""legCount"":9,""maxExpansions"":20000,""maxTimeS"":600,""pathShortcut"":1,""planningGuardS"":10,""preserveAltitude"":1,""replanIntervalS"":10,""resolutionM"":50,""serviceDurationTotalS"":0.0,""smoothTurns"":1,""taskPointCount"":8,""timeStepS"":2,""turnScaleM"":60}"
local-snapshot:sha256:000c1d39fd6abbcdfcc467a33ce534e582e7218c5ee17b4b4d2c6bccce72ab3c,manhattan-reactive-demo-v3,2026-10-05T20:57:39+00:00,sha256:6e49aa986f9e8fed814b4e6b31697504bbc5dd61ab320bfdedfa865554cf27c5,midtown-supply-backhaul-reactive,sha256:cddef58f42df52d8d5315297b5b6f0c518489962195eb3c164e4da4147527005,repeated-lazy-theta-star,success,,true,217.027363198568,3038.383084779951,2873.889823075237,5.723714958867,25,0,0,0,0,25,expanded-nodes,0,0,114,"{""cruiseSpeedMps"":14,""curveSampleSpacingM"":2,""horizontalEscape"":1,""legCount"":9,""maxExpansions"":20000,""maxTimeS"":600,""pathShortcut"":1,""planningGuardS"":10,""preserveAltitude"":1,""replanIntervalS"":10,""resolutionM"":50,""serviceDurationTotalS"":0.0,""smoothTurns"":1,""taskPointCount"":8,""timeStepS"":2,""turnScaleM"":60}"
local-snapshot:sha256:000c1d39fd6abbcdfcc467a33ce534e582e7218c5ee17b4b4d2c6bccce72ab3c,manhattan-reactive-demo-v3,2026-10-05T20:57:39+00:00,sha256:6b0db1367004c2003013e1d9ad4069dbc135139356c5b241255f1a9cd771a4a5,midtown-supply-backhaul-reactive,sha256:cddef58f42df52d8d5315297b5b6f0c518489962195eb3c164e4da4147527005,dstar-lite-3d,success,,true,219.018829158255,3066.263608215568,2873.889823075237,6.693846910752,26,0,0,0,0,53,queue-pops,0,0,116,"{""cruiseSpeedMps"":14,""curveSampleSpacingM"":2,""horizontalEscape"":1,""legCount"":9,""maxExpansions"":20000,""maxTimeS"":600,""pathShortcut"":1,""planningGuardS"":10,""preserveAltitude"":1,""replanIntervalS"":10,""resolutionM"":50,""serviceDurationTotalS"":0.0,""smoothTurns"":1,""taskPointCount"":8,""timeStepS"":2,""turnScaleM"":60}"
local-snapshot:sha256:000c1d39fd6abbcdfcc467a33ce534e582e7218c5ee17b4b4d2c6bccce72ab3c,manhattan-reactive-demo-v3,2026-10-05T20:57:39+00:00,sha256:b871500e559eae2d2aab8e4317b6a39d7994b27498c00381aec44fcb033764ed,east-to-hudson-priority-reactive,sha256:cff1d3cedacf205d98df75d1366a8c165c6d4cbdd9ffb80f40d1648a5cf4b6c1,repeated-astar-3d,success,,true,296.481315608248,4150.738418515477,3369.418592232434,23.188565175138,38,2,0,4,0,235,expanded-nodes,0,0,156,"{""cruiseSpeedMps"":14,""curveSampleSpacingM"":2,""horizontalEscape"":1,""legCount"":9,""maxExpansions"":20000,""maxTimeS"":600,""pathShortcut"":1,""planningGuardS"":10,""preserveAltitude"":1,""replanIntervalS"":10,""resolutionM"":50,""serviceDurationTotalS"":0.0,""smoothTurns"":1,""taskPointCount"":8,""timeStepS"":2,""turnScaleM"":60}"
local-snapshot:sha256:000c1d39fd6abbcdfcc467a33ce534e582e7218c5ee17b4b4d2c6bccce72ab3c,manhattan-reactive-demo-v3,2026-10-05T20:57:39+00:00,sha256:ca7b14aa3b12bb9a4e2107aefd4a11af082d08d4affa0bde9d2aa49ae6b2581d,east-to-hudson-priority-reactive,sha256:cff1d3cedacf205d98df75d1366a8c165c6d4cbdd9ffb80f40d1648a5cf4b6c1,repeated-lazy-theta-star,success,,true,296.025132407657,4144.3518537072,3369.418592232434,22.999020165118,39,2,0,5,0,111,expanded-nodes,0,0,155,"{""cruiseSpeedMps"":14,""curveSampleSpacingM"":2,""horizontalEscape"":1,""legCount"":9,""maxExpansions"":20000,""maxTimeS"":600,""pathShortcut"":1,""planningGuardS"":10,""preserveAltitude"":1,""replanIntervalS"":10,""resolutionM"":50,""serviceDurationTotalS"":0.0,""smoothTurns"":1,""taskPointCount"":8,""timeStepS"":2,""turnScaleM"":60}"
local-snapshot:sha256:000c1d39fd6abbcdfcc467a33ce534e582e7218c5ee17b4b4d2c6bccce72ab3c,manhattan-reactive-demo-v3,2026-10-05T20:57:39+00:00,sha256:18af0aa0e832969ea79ed8159f4bd555e453fdae1728bda965b547b572810044,east-to-hudson-priority-reactive,sha256:cff1d3cedacf205d98df75d1366a8c165c6d4cbdd9ffb80f40d1648a5cf4b6c1,dstar-lite-3d,success,,true,298.981955266914,4185.747373736796,3369.418592232434,24.227585832946,39,2,0,6,0,236,queue-pops,374,0,156,"{""cruiseSpeedMps"":14,""curveSampleSpacingM"":2,""horizontalEscape"":1,""legCount"":9,""maxExpansions"":20000,""maxTimeS"":600,""pathShortcut"":1,""planningGuardS"":10,""preserveAltitude"":1,""replanIntervalS"":10,""resolutionM"":50,""serviceDurationTotalS"":0.0,""smoothTurns"":1,""taskPointCount"":8,""timeStepS"":2,""turnScaleM"":60}"
