source_commit,protocol_id,generated_at,run_id,scenario_id,scenario_fingerprint,cohort,planner_id,predictive,status,failure_reason,success,arrival_time_s,travel_time_s,wait_time_s,executed_path_length_m,direct_distance_m,path_excess_pct,replans,expanded_states,work_unit,safety_violations,waypoint_count,parameters_json
aa92457f63ebbb2075ce6fc4888889f841ef1997,predictive-space-time-v1,2026-08-05T11:23:57+00:00,sha256:792c0480e4df1c89ea2ee47932a418fd5f09af90817f14d2144ab4c911bb5113,wait-then-straight,sha256:d392b681dcc5753adaf377a6920e6ffae95983191a4bacb6e9a5c1b8c06cb1f5,calibration,repeated-astar-3d,false,success,,true,13.5,7.5,6.0,60.0,60.0,0.0,8,3648,expanded-nodes,0,15,"{""cruiseSpeedMps"":8.0,""maxTimeS"":60.0,""maxWorkPerReplan"":120000,""replanIntervalS"":4.0,""resolutionM"":4.0,""reuseSearchState"":0,""timeStepS"":1.0}"
aa92457f63ebbb2075ce6fc4888889f841ef1997,predictive-space-time-v1,2026-08-05T11:23:57+00:00,sha256:31bd424d3fad60f1904ea5e20aadbd269c584df466dbdb3c066a153a1814a580,wait-then-straight,sha256:d392b681dcc5753adaf377a6920e6ffae95983191a4bacb6e9a5c1b8c06cb1f5,calibration,dstar-lite-reset-3d,false,success,,true,13.5,7.5,6.0,60.0,60.0,0.0,8,3648,queue-pops,0,15,"{""cruiseSpeedMps"":8.0,""maxTimeS"":60.0,""maxWorkPerReplan"":120000,""replanIntervalS"":4.0,""resolutionM"":4.0,""reuseSearchState"":0,""timeStepS"":1.0}"
aa92457f63ebbb2075ce6fc4888889f841ef1997,predictive-space-time-v1,2026-08-05T11:23:57+00:00,sha256:c8147ae054b7b468ee4f8dbe0b0ca848e462741609cc47d5936ee43359855941,wait-then-straight,sha256:d392b681dcc5753adaf377a6920e6ffae95983191a4bacb6e9a5c1b8c06cb1f5,calibration,dstar-lite-reuse-3d,false,success,,true,13.5,7.5,6.0,60.0,60.0,0.0,8,608,queue-pops,0,15,"{""cruiseSpeedMps"":8.0,""maxTimeS"":60.0,""maxWorkPerReplan"":120000,""replanIntervalS"":4.0,""resolutionM"":4.0,""reuseSearchState"":1,""timeStepS"":1.0}"
aa92457f63ebbb2075ce6fc4888889f841ef1997,predictive-space-time-v1,2026-08-05T11:23:57+00:00,sha256:1e3ddc8713e47cee21469a00f4e8b922c9afdde3085d47c798bfc695eaf6fa4c,wait-then-straight,sha256:d392b681dcc5753adaf377a6920e6ffae95983191a4bacb6e9a5c1b8c06cb1f5,calibration,space-time-astar-4d,true,success,,true,10.290569415042,8.225983761736,2.064585653307,65.807870093885,60.0,9.679783489808,1,918,expanded-spacetime-states,0,21,"{""cruiseSpeedMps"":8.0,""maxExpandedStatesPerMission"":120000,""maxTimeS"":60.0,""planningHorizonS"":60.0,""predictionHorizonS"":60.0,""resolutionM"":4.0,""timeResolutionS"":0.5,""timeStepS"":1.0}"
aa92457f63ebbb2075ce6fc4888889f841ef1997,predictive-space-time-v1,2026-08-05T11:23:57+00:00,sha256:3ae204967c23fe5d316648477b1dfb75927e66b0ffd6f3a839f6b8334a1ec8bf,closing-window,sha256:68daf5f28ab6b28fef7b8d37f7fba4b04280736cb9c0996cb4d53de0935bb4de,diagnostic,repeated-astar-3d,false,success,,true,9.693271186326,8.693271186326,1.0,69.546169490608,60.0,15.910282484347,4,107,expanded-nodes,0,17,"{""cruiseSpeedMps"":8.0,""maxTimeS"":60.0,""maxWorkPerReplan"":120000,""replanIntervalS"":4.0,""resolutionM"":4.0,""reuseSearchState"":0,""timeStepS"":1.0}"
aa92457f63ebbb2075ce6fc4888889f841ef1997,predictive-space-time-v1,2026-08-05T11:23:57+00:00,sha256:2f2f64a2d72b953de4004bc0ca3812548a03007c15934173d8bcea04daab846a,closing-window,sha256:68daf5f28ab6b28fef7b8d37f7fba4b04280736cb9c0996cb4d53de0935bb4de,diagnostic,dstar-lite-reset-3d,false,success,,true,10.120486639465,9.120486639465,1.0,72.963893115716,60.0,21.606488526193,4,145,queue-pops,0,19,"{""cruiseSpeedMps"":8.0,""maxTimeS"":60.0,""maxWorkPerReplan"":120000,""replanIntervalS"":4.0,""resolutionM"":4.0,""reuseSearchState"":0,""timeStepS"":1.0}"
aa92457f63ebbb2075ce6fc4888889f841ef1997,predictive-space-time-v1,2026-08-05T11:23:57+00:00,sha256:ab2b669d2cbf0642a83ef8320b588f8ec14358eb03b464eb159f349b19767f71,closing-window,sha256:68daf5f28ab6b28fef7b8d37f7fba4b04280736cb9c0996cb4d53de0935bb4de,diagnostic,dstar-lite-reuse-3d,false,success,,true,10.120486639465,9.120486639465,1.0,72.963893115716,60.0,21.606488526193,4,145,queue-pops,0,19,"{""cruiseSpeedMps"":8.0,""maxTimeS"":60.0,""maxWorkPerReplan"":120000,""replanIntervalS"":4.0,""resolutionM"":4.0,""reuseSearchState"":1,""timeStepS"":1.0}"
aa92457f63ebbb2075ce6fc4888889f841ef1997,predictive-space-time-v1,2026-08-05T11:23:57+00:00,sha256:fd079a47b92ed863b01d8c17bf5ce151dc46483f0cd9a5abdd89ec5f497c260e,closing-window,sha256:68daf5f28ab6b28fef7b8d37f7fba4b04280736cb9c0996cb4d53de0935bb4de,diagnostic,space-time-astar-4d,true,success,,true,9.935414346693,9.870828693387,0.064585653307,78.966629547096,60.0,31.61104924516,1,781,expanded-spacetime-states,0,20,"{""cruiseSpeedMps"":8.0,""maxExpandedStatesPerMission"":120000,""maxTimeS"":60.0,""planningHorizonS"":60.0,""predictionHorizonS"":60.0,""resolutionM"":4.0,""timeResolutionS"":0.5,""timeStepS"":1.0}"
aa92457f63ebbb2075ce6fc4888889f841ef1997,predictive-space-time-v1,2026-08-05T11:23:57+00:00,sha256:5e903ba497edb50109b9ed9d40dd8bcd54fe66287bdd11b90cc58ef201b790fb,periodic-traffic,sha256:cd16d4ab5c4445f5cdacd3a04e5d36e34010729136e3cf1b75da51d123c8ae87,demo,repeated-astar-3d,false,success,,true,8.488239200017,8.488239200017,0.0,67.905913600136,60.0,13.176522666893,4,83,expanded-nodes,0,13,"{""cruiseSpeedMps"":8.0,""maxTimeS"":60.0,""maxWorkPerReplan"":120000,""replanIntervalS"":4.0,""resolutionM"":4.0,""reuseSearchState"":0,""timeStepS"":1.0}"
aa92457f63ebbb2075ce6fc4888889f841ef1997,predictive-space-time-v1,2026-08-05T11:23:57+00:00,sha256:10fd6519d80ebd65dce289964e3c76f4f7975b3ff05b543d238c44741afc1f90,periodic-traffic,sha256:cd16d4ab5c4445f5cdacd3a04e5d36e34010729136e3cf1b75da51d123c8ae87,demo,dstar-lite-reset-3d,false,success,,true,9.051938037886,9.051938037886,0.0,72.41550430309,60.0,20.692507171817,4,201,queue-pops,0,14,"{""cruiseSpeedMps"":8.0,""maxTimeS"":60.0,""maxWorkPerReplan"":120000,""replanIntervalS"":4.0,""resolutionM"":4.0,""reuseSearchState"":0,""timeStepS"":1.0}"
aa92457f63ebbb2075ce6fc4888889f841ef1997,predictive-space-time-v1,2026-08-05T11:23:57+00:00,sha256:9e807bb10ce68c901c901158a3c119961a3eb4b26b75cf19d2df7c7636c6b3d5,periodic-traffic,sha256:cd16d4ab5c4445f5cdacd3a04e5d36e34010729136e3cf1b75da51d123c8ae87,demo,dstar-lite-reuse-3d,false,success,,true,9.051938037886,9.051938037886,0.0,72.41550430309,60.0,20.692507171817,4,201,queue-pops,0,14,"{""cruiseSpeedMps"":8.0,""maxTimeS"":60.0,""maxWorkPerReplan"":120000,""replanIntervalS"":4.0,""resolutionM"":4.0,""reuseSearchState"":1,""timeStepS"":1.0}"
aa92457f63ebbb2075ce6fc4888889f841ef1997,predictive-space-time-v1,2026-08-05T11:23:57+00:00,sha256:1179228a98832ea5cff635a83d498be466f1d5fb5c6c55e184ad7483114ab228,periodic-traffic,sha256:cd16d4ab5c4445f5cdacd3a04e5d36e34010729136e3cf1b75da51d123c8ae87,demo,space-time-astar-4d,true,success,,true,7.935414346693,7.870828693387,0.064585653307,62.966629547096,60.0,4.944382578493,1,47,expanded-spacetime-states,0,16,"{""cruiseSpeedMps"":8.0,""maxExpandedStatesPerMission"":120000,""maxTimeS"":60.0,""planningHorizonS"":60.0,""predictionHorizonS"":60.0,""resolutionM"":4.0,""timeResolutionS"":0.5,""timeStepS"":1.0}"
aa92457f63ebbb2075ce6fc4888889f841ef1997,predictive-space-time-v1,2026-08-05T11:23:57+00:00,sha256:9c2cba6dd9e15a7c7d8927ae8f9d827772a3a0ecb4df894e5b6f546ce03b2e9d,chained-restrictions,sha256:513f2ad5b379e5209e1d73806aafd5181d9b8f7f1fd5515a1fbed443852058e8,diagnostic,repeated-astar-3d,false,success,,true,9.305533686816,8.305533686816,1.0,66.444269494526,60.0,10.740449157544,5,50,expanded-nodes,0,24,"{""cruiseSpeedMps"":8.0,""maxTimeS"":60.0,""maxWorkPerReplan"":120000,""replanIntervalS"":4.0,""resolutionM"":4.0,""reuseSearchState"":0,""timeStepS"":1.0}"
aa92457f63ebbb2075ce6fc4888889f841ef1997,predictive-space-time-v1,2026-08-05T11:23:57+00:00,sha256:4cd963307d60fa94220c51d86c3425bce5bed151af1607b8822ad63c8b3467ae,chained-restrictions,sha256:513f2ad5b379e5209e1d73806aafd5181d9b8f7f1fd5515a1fbed443852058e8,diagnostic,dstar-lite-reset-3d,false,success,,true,8.893110588805,8.893110588805,0.0,71.144884710439,60.0,18.574807850731,4,81,queue-pops,0,23,"{""cruiseSpeedMps"":8.0,""maxTimeS"":60.0,""maxWorkPerReplan"":120000,""replanIntervalS"":4.0,""resolutionM"":4.0,""reuseSearchState"":0,""timeStepS"":1.0}"
aa92457f63ebbb2075ce6fc4888889f841ef1997,predictive-space-time-v1,2026-08-05T11:23:57+00:00,sha256:f2576115ed42ab79f60179220ce1a33e015bb11f1ce86e85f5e927150fc191a1,chained-restrictions,sha256:513f2ad5b379e5209e1d73806aafd5181d9b8f7f1fd5515a1fbed443852058e8,diagnostic,dstar-lite-reuse-3d,false,success,,true,8.893110588805,8.893110588805,0.0,71.144884710439,60.0,18.574807850731,4,80,queue-pops,0,23,"{""cruiseSpeedMps"":8.0,""maxTimeS"":60.0,""maxWorkPerReplan"":120000,""replanIntervalS"":4.0,""resolutionM"":4.0,""reuseSearchState"":1,""timeStepS"":1.0}"
aa92457f63ebbb2075ce6fc4888889f841ef1997,predictive-space-time-v1,2026-08-05T11:23:57+00:00,sha256:9aa47a43e60c43eac1123412726ba72d686a3cfce071d38d3f41fbea734b7342,chained-restrictions,sha256:513f2ad5b379e5209e1d73806aafd5181d9b8f7f1fd5515a1fbed443852058e8,diagnostic,space-time-astar-4d,true,success,,true,8.935414346693,8.870828693387,0.064585653307,70.966629547096,60.0,18.277715911826,1,258,expanded-spacetime-states,0,18,"{""cruiseSpeedMps"":8.0,""maxExpandedStatesPerMission"":120000,""maxTimeS"":60.0,""planningHorizonS"":60.0,""predictionHorizonS"":60.0,""resolutionM"":4.0,""timeResolutionS"":0.5,""timeStepS"":1.0}"
aa92457f63ebbb2075ce6fc4888889f841ef1997,predictive-space-time-v1,2026-08-05T11:23:57+00:00,sha256:76cd27610442748899d6490aca9f8dcd8d466057c26146c4005f1dc6eff6a3e2,multi-obstacle,sha256:8880996d24954dc4c461d986a7c515912d306b1c685200fa1046d9e7248289cd,diagnostic,repeated-astar-3d,false,no-path,no-safe-action,false,,,0.0,16.0,60.0,,2,0,expanded-nodes,0,3,"{""cruiseSpeedMps"":8.0,""maxTimeS"":60.0,""maxWorkPerReplan"":120000,""replanIntervalS"":4.0,""resolutionM"":4.0,""reuseSearchState"":0,""timeStepS"":1.0}"
aa92457f63ebbb2075ce6fc4888889f841ef1997,predictive-space-time-v1,2026-08-05T11:23:57+00:00,sha256:2f2e866d16cb150acc4c4e035ec150bdb1565a91f6cc9a46a9139ea1b8061115,multi-obstacle,sha256:8880996d24954dc4c461d986a7c515912d306b1c685200fa1046d9e7248289cd,diagnostic,dstar-lite-reset-3d,false,no-path,no-safe-action,false,,,0.0,16.0,60.0,,2,0,queue-pops,0,3,"{""cruiseSpeedMps"":8.0,""maxTimeS"":60.0,""maxWorkPerReplan"":120000,""replanIntervalS"":4.0,""resolutionM"":4.0,""reuseSearchState"":0,""timeStepS"":1.0}"
aa92457f63ebbb2075ce6fc4888889f841ef1997,predictive-space-time-v1,2026-08-05T11:23:57+00:00,sha256:ada981de9d693333dfd759db001250a63227c4b99b6e4ec911571040b0d2a15a,multi-obstacle,sha256:8880996d24954dc4c461d986a7c515912d306b1c685200fa1046d9e7248289cd,diagnostic,dstar-lite-reuse-3d,false,no-path,no-safe-action,false,,,0.0,16.0,60.0,,2,0,queue-pops,0,3,"{""cruiseSpeedMps"":8.0,""maxTimeS"":60.0,""maxWorkPerReplan"":120000,""replanIntervalS"":4.0,""resolutionM"":4.0,""reuseSearchState"":1,""timeStepS"":1.0}"
aa92457f63ebbb2075ce6fc4888889f841ef1997,predictive-space-time-v1,2026-08-05T11:23:57+00:00,sha256:f982eecc3d885f2459ea30511d8b7466aa4d8ee0843ceb38fbe8505ee0701ab6,multi-obstacle,sha256:8880996d24954dc4c461d986a7c515912d306b1c685200fa1046d9e7248289cd,diagnostic,space-time-astar-4d,true,success,,true,8.935414346693,8.870828693387,0.064585653307,70.966629547096,60.0,18.277715911826,1,293,expanded-spacetime-states,0,18,"{""cruiseSpeedMps"":8.0,""maxExpandedStatesPerMission"":120000,""maxTimeS"":60.0,""planningHorizonS"":60.0,""predictionHorizonS"":60.0,""resolutionM"":4.0,""timeResolutionS"":0.5,""timeStepS"":1.0}"
aa92457f63ebbb2075ce6fc4888889f841ef1997,predictive-space-time-v1,2026-08-05T11:23:57+00:00,sha256:be9a62d8e518ec6fd72822d521763f60b66ac38ad73d06e29f9244b923510890,vertical-time-window,sha256:e0a9c994a7cd6efe5884dcb9b4bc025af82803eda2bae7023a91df9b1cde3b60,diagnostic,repeated-astar-3d,false,success,,true,9.627099242406,8.627099242406,1.0,69.016793939247,60.0,15.027989898745,4,67,expanded-nodes,0,18,"{""cruiseSpeedMps"":8.0,""maxTimeS"":60.0,""maxWorkPerReplan"":120000,""replanIntervalS"":4.0,""resolutionM"":4.0,""reuseSearchState"":0,""timeStepS"":1.0}"
aa92457f63ebbb2075ce6fc4888889f841ef1997,predictive-space-time-v1,2026-08-05T11:23:57+00:00,sha256:bc585ad975d63c457c272c9ffdd6bf745c5cc4b8ee22e23fa1a34fcc4b6a6982,vertical-time-window,sha256:e0a9c994a7cd6efe5884dcb9b4bc025af82803eda2bae7023a91df9b1cde3b60,diagnostic,dstar-lite-reset-3d,false,success,,true,10.266407412191,9.266407412191,1.0,74.131259297528,60.0,23.552098829213,4,195,queue-pops,0,19,"{""cruiseSpeedMps"":8.0,""maxTimeS"":60.0,""maxWorkPerReplan"":120000,""replanIntervalS"":4.0,""resolutionM"":4.0,""reuseSearchState"":0,""timeStepS"":1.0}"
aa92457f63ebbb2075ce6fc4888889f841ef1997,predictive-space-time-v1,2026-08-05T11:23:57+00:00,sha256:8d6a55552d443254e7adccf43b78a521b90a3f072ad40779a0caffff05847b47,vertical-time-window,sha256:e0a9c994a7cd6efe5884dcb9b4bc025af82803eda2bae7023a91df9b1cde3b60,diagnostic,dstar-lite-reuse-3d,false,success,,true,10.266407412191,9.266407412191,1.0,74.131259297528,60.0,23.552098829213,4,195,queue-pops,0,19,"{""cruiseSpeedMps"":8.0,""maxTimeS"":60.0,""maxWorkPerReplan"":120000,""replanIntervalS"":4.0,""resolutionM"":4.0,""reuseSearchState"":1,""timeStepS"":1.0}"
aa92457f63ebbb2075ce6fc4888889f841ef1997,predictive-space-time-v1,2026-08-05T11:23:57+00:00,sha256:94b56d869d15d592899d04ed55825186c2fff3bc30a7e3bf4f517eb237369f6c,vertical-time-window,sha256:e0a9c994a7cd6efe5884dcb9b4bc025af82803eda2bae7023a91df9b1cde3b60,diagnostic,space-time-astar-4d,true,success,,true,9.790569415042,9.581138830084,0.209430584958,76.649110640674,60.0,27.748517734456,1,643,expanded-spacetime-states,0,20,"{""cruiseSpeedMps"":8.0,""maxExpandedStatesPerMission"":120000,""maxTimeS"":60.0,""planningHorizonS"":60.0,""predictionHorizonS"":60.0,""resolutionM"":4.0,""timeResolutionS"":0.5,""timeStepS"":1.0}"
